ID,ds,y
0,2007-12-10,9.5908
1,2007-12-11,8.5196
2,2007-12-12,8.1837
3,2007-12-13,8.0725
4,2007-12-14,7.8936
5,2007-12-15,7.7836
6,2007-12-16,8.4141
7,2007-12-17,28.8292
8,2007-12-18,8.3825
9,2007-12-19,8.0697
10,2007-12-20,7.8793
11,2007-12-21,7.7617
12,2007-12-22,7.5294
13,2007-12-23,8.3853
14,2007-12-24,8.6201
15,2007-12-25,7.8524
16,2007-12-26,7.854
17,2007-12-27,8.052
18,2007-12-28,7.9266
19,2007-12-29,7.8383
20,2007-12-30,9.7031
21,2007-12-31,9.386
22,2008-01-01,8.2938
23,2008-01-02,8.4347
24,2008-01-03,8.262
25,2008-01-04,8.1068
26,2008-01-05,7.9501
27,2008-01-06,9.5093
28,2008-01-07,8.8468
29,2008-01-08,8.4305
30,2008-01-09,8.2483
31,2008-01-10,8.2817
32,2008-01-11,8.2928
33,2008-01-12,8.1992
34,2008-01-13,9.9965
35,2008-01-14,10.1271
36,2008-01-15,8.9338
37,2008-01-16,8.5662
38,2008-01-17,8.5477
39,2008-01-18,8.3998
40,2008-01-19,8.2231
41,2008-01-20,8.839
42,2008-01-21,10.8972
43,2008-01-22,9.4449
44,2008-01-23,8.9233
45,2008-01-24,8.5434
46,2008-01-25,8.4956
47,2008-01-26,8.4174
48,2008-01-27,8.5726
49,2008-01-28,8.7365
50,2008-01-29,8.6341
51,2008-01-30,8.6735
52,2008-01-31,8.7489
53,2008-02-01,8.8242
54,2008-02-02,8.538
55,2008-02-03,9.6981
56,2008-02-04,12.0975
57,2008-02-05,10.6353
58,2008-02-06,9.6917
59,2008-02-07,9.3156
60,2008-02-08,8.9708
61,2008-02-09,8.5891
62,2008-02-10,8.6174
63,2008-02-11,8.6163
64,2008-02-12,8.2155
65,2008-02-13,8.065
66,2008-02-14,8.1134
67,2008-02-15,7.7993
68,2008-02-16,7.6275
69,2008-02-17,7.5559
70,2008-02-18,7.7115
71,2008-02-19,7.7886
72,2008-02-20,7.7084
73,2008-02-21,7.7685
74,2008-02-22,7.6953
75,2008-02-23,7.3784
76,2008-02-24,7.9106
77,2008-02-25,7.6266
78,2008-02-26,7.5735
79,2008-02-27,7.5679
80,2008-02-28,7.56
81,2008-02-29,7.5522
82,2008-03-01,7.4446
83,2008-03-02,7.3369
84,2008-03-03,7.5995
85,2008-03-04,7.8621
86,2008-03-05,8.1247
87,2008-03-06,7.8876
88,2008-03-07,7.8196
89,2008-03-08,7.384
90,2008-03-09,7.8144
91,2008-03-10,7.5422
92,2008-03-11,7.5486
93,2008-03-12,7.6889
94,2008-03-13,7.477
95,2008-03-14,7.3588
96,2008-03-15,7.0326
97,2008-03-16,7.118
98,2008-03-17,7.3499
99,2008-03-18,7.3265
100,2008-03-19,7.3639
101,2008-03-20,7.2779
102,2008-03-21,7.2513
103,2008-03-22,7.0022
104,2008-03-23,7.1639
105,2008-03-24,7.7592
106,2008-03-25,7.5186
107,2008-03-26,7.414
108,2008-03-27,7.4425
109,2008-03-28,7.2284
110,2008-03-29,6.9912
111,2008-03-30,7.2116
112,2008-03-31,7.3112
113,2008-04-01,7.3492
114,2008-04-02,7.5143
115,2008-04-03,7.3933
116,2008-04-04,7.2862
117,2008-04-05,7.2731
118,2008-04-06,7.1686
119,2008-04-07,7.6113
120,2008-04-08,7.6178
121,2008-04-09,7.426
122,2008-04-10,8.182
123,2008-04-11,7.3994
124,2008-04-12,7.1066
125,2008-04-13,7.0809
126,2008-04-14,7.4212
127,2008-04-15,7.4916
128,2008-04-16,7.3859
129,2008-04-17,7.6829
130,2008-04-18,7.6889
131,2008-04-19,7.2591
132,2008-04-20,8.145
133,2008-04-21,8.7139
134,2008-04-22,8.091
135,2008-04-23,7.8403
136,2008-04-24,7.6487
137,2008-04-25,8.0209
138,2008-04-26,7.83
139,2008-04-27,7.7275
140,2008-04-28,7.836
141,2008-04-29,7.6266
142,2008-04-30,7.6444
143,2008-05-01,7.5486
144,2008-05-02,7.4407
145,2008-05-03,7.0733
146,2008-05-04,7.0264
147,2008-05-05,7.392
148,2008-05-06,7.293
149,2008-05-07,7.3614
150,2008-05-08,7.5126
151,2008-05-09,7.4605
152,2008-05-10,7.1148
153,2008-05-11,7.1253
154,2008-05-12,7.4559
155,2008-05-13,7.3172
156,2008-05-14,7.4103
157,2008-05-15,7.4025
158,2008-05-16,7.2944
159,2008-05-17,6.9893
160,2008-05-18,6.993
161,2008-05-19,7.4313
162,2008-05-20,7.362
163,2008-05-21,7.4547
164,2008-05-22,7.3683
165,2008-05-23,7.1436
166,2008-05-24,6.8352
167,2008-05-25,6.8906
168,2008-05-26,6.9745
169,2008-05-27,7.2661
170,2008-05-28,7.2703
171,2008-05-29,7.2654
172,2008-05-30,7.1577
173,2008-05-31,6.8659
174,2008-06-01,6.9619
175,2008-06-02,7.0579
176,2008-06-03,7.1538
177,2008-06-04,7.2167
178,2008-06-05,7.2019
179,2008-06-06,7.2123
180,2008-06-07,7.1861
181,2008-06-08,6.82
182,2008-06-09,6.8824
183,2008-06-10,7.1831
184,2008-06-11,7.2428
185,2008-06-12,7.1929
186,2008-06-13,7.1839
187,2008-06-14,6.9707
188,2008-06-15,6.9177
189,2008-06-16,7.2226
190,2008-06-17,7.3569
191,2008-06-18,7.2428
192,2008-06-19,7.2233
193,2008-06-20,7.1632
194,2008-06-21,7.2414
195,2008-06-22,6.9866
196,2008-06-23,6.9632
197,2008-06-24,7.2506
198,2008-06-25,7.1608
199,2008-06-26,7.1325
200,2008-06-27,7.0917
201,2008-06-28,7.0121
202,2008-06-29,6.8575
203,2008-06-30,6.8276
204,2008-07-01,6.9789
205,2008-07-02,7.1301
206,2008-07-03,7.2772
207,2008-07-04,7.0388
208,2008-07-05,6.8906
209,2008-07-06,6.9575
210,2008-07-07,7.2957
211,2008-07-08,7.4972
212,2008-07-09,7.3106
213,2008-07-10,7.2049
214,2008-07-11,7.2226
215,2008-07-12,7.2577
216,2008-07-13,7.2661
217,2008-07-14,7.2745
218,2008-07-15,7.2829
219,2008-07-16,7.2914
220,2008-07-17,7.2998
221,2008-07-18,7.3082
222,2008-07-19,7.3166
223,2008-07-20,7.325
224,2008-07-21,7.3334
225,2008-07-22,7.3418
226,2008-07-23,7.3502
227,2008-07-24,7.3587
228,2008-07-25,7.3671
229,2008-07-26,7.3755
230,2008-07-27,7.3839
231,2008-07-28,7.3923
232,2008-07-29,7.4007
233,2008-07-30,7.4091
234,2008-07-31,7.4175
235,2008-08-01,7.426
236,2008-08-02,7.1172
237,2008-08-03,7.2499
238,2008-08-04,8.2769
239,2008-08-05,7.6064
240,2008-08-06,7.644
241,2008-08-07,8.0123
242,2008-08-08,7.9302
243,2008-08-09,7.5088
244,2008-08-10,7.5213
245,2008-08-11,7.5898
246,2008-08-12,7.5005
247,2008-08-13,7.3702
248,2008-08-14,7.3852
249,2008-08-15,7.3025
250,2008-08-16,7.2752
251,2008-08-17,7.392
252,2008-08-18,7.517
253,2008-08-19,7.9091
254,2008-08-20,7.7231
255,2008-08-21,7.6704
256,2008-08-22,7.629
257,2008-08-23,7.4307
258,2008-08-24,7.5797
259,2008-08-25,7.9484
260,2008-08-26,7.7956
261,2008-08-27,8.0074
262,2008-08-28,7.7907
263,2008-08-29,7.8328
264,2008-08-30,7.5148
265,2008-08-31,7.6275
266,2008-09-01,7.8552
267,2008-09-02,7.9649
268,2008-09-03,7.7459
269,2008-09-04,8.0809
270,2008-09-05,8.26
271,2008-09-06,7.7698
272,2008-09-07,8.1775
273,2008-09-08,9.2817
274,2008-09-09,8.3385
275,2008-09-10,7.8304
276,2008-09-11,7.8087
277,2008-09-12,7.8168
278,2008-09-13,7.5549
279,2008-09-14,8.5551
280,2008-09-15,8.2079
281,2008-09-16,8.0836
282,2008-09-17,7.7911
283,2008-09-18,7.6709
284,2008-09-19,7.6401
285,2008-09-20,7.5501
286,2008-09-21,8.2493
287,2008-09-22,8.304
288,2008-09-23,8.1268
289,2008-09-24,7.7062
290,2008-09-25,7.6639
291,2008-09-26,7.5267
292,2008-09-27,7.9259
293,2008-09-28,7.9215
294,2008-09-29,8.034
295,2008-09-30,7.7258
296,2008-10-01,7.6944
297,2008-10-02,7.4495
298,2008-10-03,7.3914
299,2008-10-04,7.346
300,2008-10-05,8.1014
301,2008-10-06,8.1565
302,2008-10-07,7.9711
303,2008-10-08,7.8728
304,2008-10-09,7.6353
305,2008-10-10,7.5878
306,2008-10-11,7.3421
307,2008-10-12,8.1775
308,2008-10-13,8.3409
309,2008-10-14,8.4766
310,2008-10-15,7.8736
311,2008-10-16,7.7174
312,2008-10-17,7.4905
313,2008-10-18,7.3759
314,2008-10-19,8.0756
315,2008-10-20,8.1654
316,2008-10-21,7.972
317,2008-10-22,7.7786
318,2008-10-23,7.5853
319,2008-10-24,7.6074
320,2008-10-25,7.2675
321,2008-10-26,8.0401
322,2008-10-27,8.1092
323,2008-10-28,8.8069
324,2008-10-29,7.7472
325,2008-10-30,7.481
326,2008-10-31,7.3467
327,2008-11-01,7.2471
328,2008-11-02,7.9381
329,2008-11-03,9.0356
330,2008-11-04,8.0411
331,2008-11-05,7.4061
332,2008-11-06,7.9738
333,2008-11-07,7.7681
334,2008-11-08,7.4714
335,2008-11-09,8.0301
336,2008-11-10,8.7294
337,2008-11-11,7.937
338,2008-11-12,7.6653
339,2008-11-13,7.5802
340,2008-11-14,7.7107
341,2008-11-15,7.2612
342,2008-11-16,8.0465
343,2008-11-17,8.0935
344,2008-11-18,7.7673
345,2008-11-19,7.4967
346,2008-11-20,7.5522
347,2008-11-21,7.4972
348,2008-11-22,7.3126
349,2008-11-23,7.9388
350,2008-11-24,9.0587
351,2008-11-25,8.1942
352,2008-11-26,7.5191
353,2008-11-27,7.5512
354,2008-11-28,7.7138
355,2008-11-29,7.6059
356,2008-11-30,8.499
357,2008-12-01,8.2918
358,2008-12-02,7.8947
359,2008-12-03,7.7903
360,2008-12-04,7.6554
361,2008-12-05,7.6104
362,2008-12-06,7.531
363,2008-12-07,8.2314
364,2008-12-08,8.0067
365,2008-12-09,7.8586
366,2008-12-10,7.6971
367,2008-12-11,7.5959
368,2008-12-12,7.7359
369,2008-12-13,7.3512
370,2008-12-14,8.0314
371,2008-12-15,8.3943
372,2008-12-16,7.8236
373,2008-12-17,8.0867
374,2008-12-18,7.7715
375,2008-12-19,8.689
376,2008-12-20,7.7472
377,2008-12-21,7.9607
378,2008-12-22,8.6246
379,2008-12-23,7.9967
380,2008-12-24,7.6207
381,2008-12-25,7.4319
382,2008-12-26,7.4628
383,2008-12-27,7.4489
384,2008-12-28,8.2514
385,2008-12-29,8.5553
386,2008-12-30,8.3158
387,2008-12-31,8.3099
388,2009-01-01,7.7588
389,2009-01-02,8.8082
390,2009-01-03,9.1219
391,2009-01-04,10.1538
392,2009-01-05,9.2679
393,2009-01-06,8.4342
394,2009-01-07,8.1377
395,2009-01-08,8.0449
396,2009-01-09,8.229
397,2009-01-10,8.1412
398,2009-01-11,9.2156
399,2009-01-12,8.7328
400,2009-01-13,8.5102
401,2009-01-14,8.1041
402,2009-01-15,7.9501
403,2009-01-16,7.8521
404,2009-01-17,7.6563
405,2009-01-18,8.0443
406,2009-01-19,8.801
407,2009-01-20,7.8296
408,2009-01-21,7.7774
409,2009-01-22,7.9352
410,2009-01-23,7.6723
411,2009-01-24,7.3883
412,2009-01-25,7.5115
413,2009-01-26,7.6634
414,2009-01-27,7.7895
415,2009-01-28,7.8079
416,2009-01-29,7.8248
417,2009-01-30,7.9065
418,2009-01-31,7.7021
419,2009-02-01,8.4776
420,2009-02-02,9.1495
421,2009-02-03,8.0621
422,2009-02-04,8.0665
423,2009-02-05,8.0596
424,2009-02-06,8.0494
425,2009-02-07,7.7622
426,2009-02-08,8.0977
427,2009-02-09,8.0183
428,2009-02-10,7.6168
429,2009-02-11,7.8427
430,2009-02-12,7.7685
431,2009-02-13,7.5305
432,2009-02-14,7.3324
433,2009-02-15,7.224
434,2009-02-16,7.4164
435,2009-02-17,7.4271
436,2009-02-18,7.3976
437,2009-02-19,7.4955
438,2009-02-20,7.3994
439,2009-02-21,7.0085
440,2009-02-22,7.118
441,2009-02-23,7.4838
442,2009-02-24,7.5715
443,2009-02-25,7.6483
444,2009-02-26,7.4742
445,2009-02-27,7.4725
446,2009-02-28,7.2116
447,2009-03-01,7.3434
448,2009-03-02,7.4821
449,2009-03-03,7.411
450,2009-03-04,7.4031
451,2009-03-05,7.453
452,2009-03-06,7.4236
453,2009-03-07,7.0851
454,2009-03-08,7.2108
455,2009-03-09,7.3563
456,2009-03-10,7.3045
457,2009-03-11,7.4657
458,2009-03-12,7.869
459,2009-03-13,7.2485
460,2009-03-14,7.0783
461,2009-03-15,7.2211
462,2009-03-16,7.3343
463,2009-03-17,7.2923
464,2009-03-18,7.2991
465,2009-03-19,7.2834
466,2009-03-20,7.3018
467,2009-03-21,7.0622
468,2009-03-22,7.1816
469,2009-03-23,7.5055
470,2009-03-24,7.8747
471,2009-03-25,7.5787
472,2009-03-26,7.3671
473,2009-03-27,7.257
474,2009-03-28,7.0562
475,2009-03-29,7.5027
476,2009-03-30,7.4431
477,2009-03-31,7.4816
478,2009-04-01,7.4821
479,2009-04-02,7.5191
480,2009-04-03,7.6596
481,2009-04-04,7.2442
482,2009-04-05,7.2327
483,2009-04-06,7.3421
484,2009-04-07,7.4212
485,2009-04-08,7.4922
486,2009-04-09,7.3152
487,2009-04-10,7.1412
488,2009-04-11,7.0094
489,2009-04-12,7.0876
490,2009-04-13,7.3045
491,2009-04-14,7.3746
492,2009-04-15,7.5126
493,2009-04-16,7.5175
494,2009-04-17,7.374
495,2009-04-18,7.1412
496,2009-04-19,7.1616
497,2009-04-20,7.4849
498,2009-04-21,7.5126
499,2009-04-22,7.4448
500,2009-04-23,7.4742
501,2009-04-24,7.6718
502,2009-04-25,7.8423
503,2009-04-26,7.9241
504,2009-04-27,7.8284
505,2009-04-28,7.5868
506,2009-04-29,7.63
507,2009-04-30,7.7098
508,2009-05-01,7.5267
509,2009-05-02,7.1937
510,2009-05-03,7.2577
511,2009-05-04,7.4541
512,2009-05-05,7.4816
513,2009-05-06,7.559
514,2009-05-07,7.4448
515,2009-05-08,7.3376
516,2009-05-09,7.1357
517,2009-05-10,7.0851
518,2009-05-11,7.2724
519,2009-05-12,7.511
520,2009-05-13,7.4989
521,2009-05-14,7.4442
522,2009-05-15,7.4031
523,2009-05-16,6.9167
524,2009-05-17,6.9773
525,2009-05-18,7.4827
526,2009-05-19,7.414
527,2009-05-20,7.3721
528,2009-05-21,7.3337
529,2009-05-22,7.3951
530,2009-05-23,7.0361
531,2009-05-24,6.8742
532,2009-05-25,6.9847
533,2009-05-26,7.4559
534,2009-05-27,7.495
535,2009-05-28,7.3311
536,2009-05-29,7.105
537,2009-05-30,6.9939
538,2009-05-31,6.9305
539,2009-06-01,7.2182
540,2009-06-02,7.4759
541,2009-06-03,7.3645
542,2009-06-04,7.2399
543,2009-06-05,7.3092
544,2009-06-06,7.1389
545,2009-06-07,6.9726
546,2009-06-08,7.1884
547,2009-06-09,7.335
548,2009-06-10,7.3343
549,2009-06-11,7.4325
550,2009-06-12,7.3914
551,2009-06-13,6.9613
552,2009-06-14,7.022
553,2009-06-15,7.2138
554,2009-06-16,7.5099
555,2009-06-17,7.3284
556,2009-06-18,7.4967
557,2009-06-19,7.2004
558,2009-06-20,7.0842
559,2009-06-21,7.1491
560,2009-06-22,7.2563
561,2009-06-23,7.1982
562,2009-06-24,7.2889
563,2009-06-25,7.1285
564,2009-06-26,7.0825
565,2009-06-27,6.8222
566,2009-06-28,6.9479
567,2009-06-29,7.1123
568,2009-06-30,7.1997
569,2009-07-01,7.3172
570,2009-07-02,7.0984
571,2009-07-03,7.0449
572,2009-07-04,7.3045
573,2009-07-05,7.7936
574,2009-07-06,7.8055
575,2009-07-07,7.4832
576,2009-07-08,7.3569
577,2009-07-09,7.5071
578,2009-07-10,7.3753
579,2009-07-11,7.1967
580,2009-07-12,7.2233
581,2009-07-13,7.3524
582,2009-07-14,7.3172
583,2009-07-15,7.4442
584,2009-07-16,7.3556
585,2009-07-17,7.3245
586,2009-07-18,7.2145
587,2009-07-19,7.2841
588,2009-07-20,7.5401
589,2009-07-21,7.4748
590,2009-07-22,7.8292
591,2009-07-23,7.6811
592,2009-07-24,7.7297
593,2009-07-25,7.3032
594,2009-07-26,7.2821
595,2009-07-27,7.4855
596,2009-07-28,7.6187
597,2009-07-29,7.6939
598,2009-07-30,7.5396
599,2009-07-31,7.4384
600,2009-08-01,7.2738
601,2009-08-02,7.3556
602,2009-08-03,7.6582
603,2009-08-04,7.8435
604,2009-08-05,8.3685
605,2009-08-06,8.1722
606,2009-08-07,7.8116
607,2009-08-08,7.5751
608,2009-08-09,7.6587
609,2009-08-10,7.8663
610,2009-08-11,7.7811
611,2009-08-12,7.7549
612,2009-08-13,7.7089
613,2009-08-14,8.2071
614,2009-08-15,7.7115
615,2009-08-16,7.7346
616,2009-08-17,7.9676
617,2009-08-18,8.4038
618,2009-08-19,8.2928
619,2009-08-20,7.9855
620,2009-08-21,8.6718
621,2009-08-22,7.7824
622,2009-08-23,7.787
623,2009-08-24,7.9466
624,2009-08-25,8.1736
625,2009-08-26,7.8095
626,2009-08-27,7.803
627,2009-08-28,8.0513
628,2009-08-29,7.9732
629,2009-08-30,7.869
630,2009-08-31,8.1625
631,2009-09-01,8.0401
632,2009-09-02,7.9635
633,2009-09-03,7.8383
634,2009-09-04,7.9132
635,2009-09-05,7.9533
636,2009-09-06,8.0762
637,2009-09-07,7.9824
638,2009-09-08,8.1286
639,2009-09-09,7.9547
640,2009-09-10,8.1101
641,2009-09-11,8.2137
642,2009-09-12,8.0469
643,2009-09-13,8.9243
644,2009-09-14,8.6172
645,2009-09-15,8.5196
646,2009-09-16,8.0143
647,2009-09-17,8.0577
648,2009-09-18,8.1044
649,2009-09-19,7.994
650,2009-09-20,8.4319
651,2009-09-21,9.7382
652,2009-09-22,10.18
653,2009-09-23,9.271
654,2009-09-24,8.3619
655,2009-09-25,8.7587
656,2009-09-26,9.1554
657,2009-09-27,9.5521
658,2009-09-28,9.9488
659,2009-09-29,8.759
660,2009-09-30,8.2517
661,2009-10-01,8.0787
662,2009-10-02,8.1736
663,2009-10-03,7.8891
664,2009-10-04,9.0999
665,2009-10-05,9.4066
666,2009-10-06,9.1644
667,2009-10-07,8.4874
668,2009-10-08,8.4314
669,2009-10-09,8.2777
670,2009-10-10,8.3121
671,2009-10-11,8.7901
672,2009-10-12,10.28
673,2009-10-13,9.0758
674,2009-10-14,8.9816
675,2009-10-15,8.8875
676,2009-10-16,8.7933
677,2009-10-17,8.6992
678,2009-10-18,9.0866
679,2009-10-19,8.8615
680,2009-10-20,8.5444
681,2009-10-21,8.4476
682,2009-10-22,8.2527
683,2009-10-23,8.1098
684,2009-10-24,8.1368
685,2009-10-25,8.7268
686,2009-10-26,9.3827
687,2009-10-27,8.5783
688,2009-10-28,8.2388
689,2009-10-29,8.1224
690,2009-10-30,8.0552
691,2009-10-31,7.8324
692,2009-11-01,8.8975
693,2009-11-02,8.7257
694,2009-11-03,8.5641
695,2009-11-04,8.2191
696,2009-11-05,8.1476
697,2009-11-06,8.0014
698,2009-11-07,7.7895
699,2009-11-08,8.812
700,2009-11-09,9.0022
701,2009-11-10,8.593
702,2009-11-11,8.282
703,2009-11-12,8.4651
704,2009-11-13,8.4947
705,2009-11-14,8.4051
706,2009-11-15,9.4819
707,2009-11-16,10.5587
708,2009-11-17,9.1246
709,2009-11-18,8.7318
710,2009-11-19,8.5289
711,2009-11-20,8.5051
712,2009-11-21,8.2764
713,2009-11-22,8.7002
714,2009-11-23,9.1239
715,2009-11-24,8.586
716,2009-11-25,8.3156
717,2009-11-26,8.6611
718,2009-11-27,8.9257
719,2009-11-28,8.4414
720,2009-11-29,9.2278
721,2009-11-30,9.2647
722,2009-12-01,9.2749
723,2009-12-02,8.393
724,2009-12-03,8.5852
725,2009-12-04,8.4238
726,2009-12-05,8.3378
727,2009-12-06,9.0598
728,2009-12-07,9.2983
729,2009-12-08,8.7619
730,2009-12-09,8.5075
731,2009-12-10,8.3993
732,2009-12-11,8.5236
733,2009-12-12,8.3795
734,2009-12-13,9.0911
735,2009-12-14,9.762
736,2009-12-15,8.9296
737,2009-12-16,8.5307
738,2009-12-17,8.5871
739,2009-12-18,9.7978
740,2009-12-19,8.6648
741,2009-12-20,9.1723
742,2009-12-21,9.2014
743,2009-12-22,9.3305
744,2009-12-23,8.6846
745,2009-12-24,8.5025
746,2009-12-25,8.2888
747,2009-12-26,8.298
748,2009-12-27,9.1629
749,2009-12-28,9.548
750,2009-12-29,9.0172
751,2009-12-30,8.7849
752,2009-12-31,8.3866
753,2010-01-01,8.3345
754,2010-01-02,8.536
755,2010-01-03,8.7086
756,2010-01-04,8.73
757,2010-01-05,8.3756
758,2010-01-06,8.319
759,2010-01-07,8.4644
760,2010-01-08,8.5973
761,2010-01-09,8.9228
762,2010-01-10,9.4917
763,2010-01-11,9.2101
764,2010-01-12,8.678
765,2010-01-13,8.6023
766,2010-01-14,8.6145
767,2010-01-15,8.6589
768,2010-01-16,8.7794
769,2010-01-17,11.0079
770,2010-01-18,9.7532
771,2010-01-19,9.2251
772,2010-01-20,9.0177
773,2010-01-21,8.937
774,2010-01-22,9.0093
775,2010-01-23,9.8342
776,2010-01-24,10.6592
777,2010-01-25,11.4841
778,2010-01-26,10.2642
779,2010-01-27,9.6944
780,2010-01-28,9.4404
781,2010-01-29,9.3537
782,2010-01-30,9.2285
783,2010-01-31,9.3039
784,2010-02-01,10.2402
785,2010-02-02,9.916
786,2010-02-03,10.1115
787,2010-02-04,9.8586
788,2010-02-05,10.119
789,2010-02-06,10.0006
790,2010-02-07,11.1915
791,2010-02-08,10.8274
792,2010-02-09,10.4633
793,2010-02-10,9.6541
794,2010-02-11,9.1198
795,2010-02-12,8.7957
796,2010-02-13,8.4485
797,2010-02-14,8.2667
798,2010-02-15,8.2185
799,2010-02-16,8.2425
800,2010-02-17,8.008
801,2010-02-18,8.0453
802,2010-02-19,7.9288
803,2010-02-20,7.745
804,2010-02-21,7.8663
805,2010-02-22,7.9417
806,2010-02-23,8.126
807,2010-02-24,8.3104
808,2010-02-25,7.828
809,2010-02-26,7.8736
810,2010-02-27,7.7571
811,2010-02-28,7.7262
812,2010-03-01,7.7753
813,2010-03-02,7.7952
814,2010-03-03,7.7498
815,2010-03-04,8.0681
816,2010-03-05,8.7258
817,2010-03-06,7.6544
818,2010-03-07,7.6034
819,2010-03-08,7.7532
820,2010-03-09,7.7702
821,2010-03-10,7.6314
822,2010-03-11,7.5438
823,2010-03-12,7.6044
824,2010-03-13,7.5843
825,2010-03-14,7.511
826,2010-03-15,7.6746
827,2010-03-16,7.7129
828,2010-03-17,7.7017
829,2010-03-18,7.6382
830,2010-03-19,7.5627
831,2010-03-20,7.4037
832,2010-03-21,7.4662
833,2010-03-22,7.6123
834,2010-03-23,7.8018
835,2010-03-24,8.0288
836,2010-03-25,7.7302
837,2010-03-26,7.6396
838,2010-03-27,7.5632
839,2010-03-28,7.4866
840,2010-03-29,7.5077
841,2010-03-30,7.654
842,2010-03-31,7.6128
843,2010-04-01,7.4541
844,2010-04-02,7.3671
845,2010-04-03,7.453
846,2010-04-04,7.4787
847,2010-04-05,7.9851
848,2010-04-06,7.8216
849,2010-04-07,7.6606
850,2010-04-08,7.5596
851,2010-04-09,7.5766
852,2010-04-10,7.4501
853,2010-04-11,7.4989
854,2010-04-12,7.5159
855,2010-04-13,7.6084
856,2010-04-14,7.5863
857,2010-04-15,7.6806
858,2010-04-16,7.7849
859,2010-04-17,7.5522
860,2010-04-18,7.5989
861,2010-04-19,7.6483
862,2010-04-20,7.67
863,2010-04-21,7.8555
864,2010-04-22,8.0965
865,2010-04-23,8.9211
866,2010-04-24,8.3986
867,2010-04-25,7.9882
868,2010-04-26,8.0027
869,2010-04-27,8.0731
870,2010-04-28,7.9831
871,2010-04-29,7.8462
872,2010-04-30,7.7866
873,2010-05-01,7.4448
874,2010-05-02,7.5422
875,2010-05-03,7.6425
876,2010-05-04,7.6511
877,2010-05-05,7.5115
878,2010-05-06,7.6769
879,2010-05-07,7.9913
880,2010-05-08,7.4419
881,2010-05-09,7.384
882,2010-05-10,7.6059
883,2010-05-11,7.5868
884,2010-05-12,7.6212
885,2010-05-13,7.2957
886,2010-05-14,7.4889
887,2010-05-15,7.2731
888,2010-05-16,7.3467
889,2010-05-17,7.4736
890,2010-05-18,7.3556
891,2010-05-19,7.2284
892,2010-05-20,7.3969
893,2010-05-21,7.4753
894,2010-05-22,7.4097
895,2010-05-23,7.346
896,2010-05-24,7.4079
897,2010-05-25,7.384
898,2010-05-26,7.3809
899,2010-05-27,7.2064
900,2010-05-28,7.0934
901,2010-05-29,7.1099
902,2010-05-30,7.0553
903,2010-05-31,7.1164
904,2010-06-01,7.1922
905,2010-06-02,7.2492
906,2010-06-03,7.4194
907,2010-06-04,7.5622
908,2010-06-05,7.4331
909,2010-06-06,7.2855
910,2010-06-07,7.9356
911,2010-06-08,9.0195
912,2010-06-09,7.2255
913,2010-06-10,7.0273
914,2010-06-11,6.7991
915,2010-06-12,5.4467
916,2010-06-13,5.323
917,2010-06-14,5.2627
918,2010-06-15,6.3063
919,2010-06-16,6.6529
920,2010-06-17,7.2196
921,2010-06-18,7.3883
922,2010-06-19,7.1389
923,2010-06-20,7.0432
924,2010-06-21,7.2064
925,2010-06-22,7.03
926,2010-06-23,7.0076
927,2010-06-24,6.9187
928,2010-06-25,6.8845
929,2010-06-26,6.5111
930,2010-06-27,6.1377
931,2010-06-28,6.6721
932,2010-06-29,7.2064
933,2010-06-30,7.1373
934,2010-07-01,7.0544
935,2010-07-02,7.1123
936,2010-07-03,6.9266
937,2010-07-04,6.8145
938,2010-07-05,7.0848
939,2010-07-06,7.355
940,2010-07-07,7.3103
941,2010-07-08,7.2657
942,2010-07-09,7.221
943,2010-07-10,7.1764
944,2010-07-11,7.1317
945,2010-07-12,7.0775
946,2010-07-13,7.2421
947,2010-07-14,7.2471
948,2010-07-15,7.6464
949,2010-07-16,7.4565
950,2010-07-17,7.3099
951,2010-07-18,7.2378
952,2010-07-19,7.2752
953,2010-07-20,7.4691
954,2010-07-21,7.4507
955,2010-07-22,8.1274
956,2010-07-23,7.7749
957,2010-07-24,7.5213
958,2010-07-25,7.5496
959,2010-07-26,7.9498
960,2010-07-27,7.7977
961,2010-07-28,7.7998
962,2010-07-29,7.9003
963,2010-07-30,7.8583
964,2010-07-31,7.9417
965,2010-08-01,7.6714
966,2010-08-02,8.1353
967,2010-08-03,8.6878
968,2010-08-04,8.4532
969,2010-08-05,8.0646
970,2010-08-06,8.0094
971,2010-08-07,7.8774
972,2010-08-08,7.8552
973,2010-08-09,8.1409
974,2010-08-10,7.9212
975,2010-08-11,7.9707
976,2010-08-12,7.9652
977,2010-08-13,8.1348
978,2010-08-14,7.7985
979,2010-08-15,8.3077
980,2010-08-16,8.2807
981,2010-08-17,8.7445
982,2010-08-18,8.5914
983,2010-08-19,8.4405
984,2010-08-20,8.5098
985,2010-08-21,8.3551
986,2010-08-22,8.281
987,2010-08-23,8.4405
988,2010-08-24,8.3139
989,2010-08-25,8.0809
990,2010-08-26,8.1859
991,2010-08-27,8.8568
992,2010-08-28,8.0731
993,2010-08-29,8.1415
994,2010-08-30,8.1879
995,2010-08-31,8.1152
996,2010-09-01,8.1591
997,2010-09-02,8.2044
998,2010-09-03,8.285
999,2010-09-04,8.0827
1000,2010-09-05,8.2456
1001,2010-09-06,8.222
1002,2010-09-07,8.4513
1003,2010-09-08,8.552
1004,2010-09-09,8.6252
1005,2010-09-10,9.1319
1006,2010-09-11,8.34
1007,2010-09-12,9.8662
1008,2010-09-13,9.2708
1009,2010-09-14,8.7718
1010,2010-09-15,8.4947
1011,2010-09-16,8.6163
1012,2010-09-17,8.9478
1013,2010-09-18,9.0758
1014,2010-09-19,9.5005
1015,2010-09-20,11.4261
1016,2010-09-21,9.2955
1017,2010-09-22,8.6172
1018,2010-09-23,8.477
1019,2010-09-24,8.3277
1020,2010-09-25,8.3038
1021,2010-09-26,9.3304
1022,2010-09-27,9.4161
1023,2010-09-28,8.9229
1024,2010-09-29,8.4459
1025,2010-09-30,8.3112
1026,2010-10-01,8.2705
1027,2010-10-02,8.2017
1028,2010-10-03,9.0098
1029,2010-10-04,9.3091
1030,2010-10-05,9.1285
1031,2010-10-06,8.4474
1032,2010-10-07,8.2543
1033,2010-10-08,8.3248
1034,2010-10-09,8.1029
1035,2010-10-10,9.1596
1036,2010-10-11,8.8511
1037,2010-10-12,9.5406
1038,2010-10-13,8.4904
1039,2010-10-14,8.5646
1040,2010-10-15,8.3523
1041,2010-10-16,8.1044
1042,2010-10-17,9.1533
1043,2010-10-18,10.0753
1044,2010-10-19,8.718
1045,2010-10-20,8.3447
1046,2010-10-21,8.2631
1047,2010-10-22,8.2561
1048,2010-10-23,8.0087
1049,2010-10-24,8.5297
1050,2010-10-25,8.8614
1051,2010-10-26,9.7891
1052,2010-10-27,8.5003
1053,2010-10-28,8.4056
1054,2010-10-29,8.9442
1055,2010-10-30,8.8666
1056,2010-10-31,9.0146
1057,2010-11-01,9.1301
1058,2010-11-02,10.2465
1059,2010-11-03,8.5897
1060,2010-11-04,8.6507
1061,2010-11-05,8.7812
1062,2010-11-06,8.333
1063,2010-11-07,9.0676
1064,2010-11-08,9.5233
1065,2010-11-09,8.71
1066,2010-11-10,8.371
1067,2010-11-11,8.3777
1068,2010-11-12,8.4004
1069,2010-11-13,8.1828
1070,2010-11-14,8.875
1071,2010-11-15,9.2103
1072,2010-11-16,8.7146
1073,2010-11-17,8.3175
1074,2010-11-18,8.5593
1075,2010-11-19,8.6047
1076,2010-11-20,8.7338
1077,2010-11-21,9.5406
1078,2010-11-22,10.1617
1079,2010-11-23,8.8167
1080,2010-11-24,8.3141
1081,2010-11-25,8.7106
1082,2010-11-26,8.7437
1083,2010-11-27,8.3923
1084,2010-11-28,9.2307
1085,2010-11-29,10.2561
1086,2010-11-30,8.9138
1087,2010-12-01,8.6503
1088,2010-12-02,8.39
1089,2010-12-03,8.3092
1090,2010-12-04,8.2223
1091,2010-12-05,9.2824
1092,2010-12-06,9.9226
1093,2010-12-07,9.1689
1094,2010-12-08,8.7483
1095,2010-12-09,8.8151
1096,2010-12-10,9.7633
1097,2010-12-11,8.5688
1098,2010-12-12,8.9261
1099,2010-12-13,9.1289
1100,2010-12-14,9.7196
1101,2010-12-15,8.7812
1102,2010-12-16,8.4884
1103,2010-12-17,8.5364
1104,2010-12-18,8.1441
1105,2010-12-19,9.1066
1106,2010-12-20,9.1157
1107,2010-12-21,9.6842
1108,2010-12-22,8.8001
1109,2010-12-23,8.5475
1110,2010-12-24,8.3222
1111,2010-12-25,8.0953
1112,2010-12-26,8.9235
1113,2010-12-27,9.3797
1114,2010-12-28,8.9033
1115,2010-12-29,8.8756
1116,2010-12-30,8.4414
1117,2010-12-31,8.5967
1118,2011-01-01,9.0097
1119,2011-01-02,9.399
1120,2011-01-03,9.9939
1121,2011-01-04,9.0615
1122,2011-01-05,8.9712
1123,2011-01-06,8.9469
1124,2011-01-07,9.187
1125,2011-01-08,9.0981
1126,2011-01-09,10.8781
1127,2011-01-10,9.3827
1128,2011-01-11,9.199
1129,2011-01-12,8.6212
1130,2011-01-13,8.6132
1131,2011-01-14,8.6952
1132,2011-01-15,8.7203
1133,2011-01-16,9.5003
1134,2011-01-17,9.3476
1135,2011-01-18,8.7837
1136,2011-01-19,8.7022
1137,2011-01-20,8.6822
1138,2011-01-21,8.4836
1139,2011-01-22,8.4092
1140,2011-01-23,8.9731
1141,2011-01-24,9.5503
1142,2011-01-25,8.7863
1143,2011-01-26,8.6081
1144,2011-01-27,8.4949
1145,2011-01-28,8.4487
1146,2011-01-29,8.1917
1147,2011-01-30,8.3809
1148,2011-01-31,9.0739
1149,2011-02-01,8.3561
1150,2011-02-02,8.3485
1151,2011-02-03,8.535
1152,2011-02-04,8.4349
1153,2011-02-05,8.5354
1154,2011-02-06,8.9917
1155,2011-02-07,9.7771
1156,2011-02-08,8.6389
1157,2011-02-09,8.2832
1158,2011-02-10,8.2733
1159,2011-02-11,8.1591
1160,2011-02-12,7.9135
1161,2011-02-13,7.8407
1162,2011-02-14,8.0249
1163,2011-02-15,7.9714
1164,2011-02-16,8.4778
1165,2011-02-17,7.9579
1166,2011-02-18,8.0236
1167,2011-02-19,7.5491
1168,2011-02-20,7.5197
1169,2011-02-21,7.8717
1170,2011-02-22,7.6816
1171,2011-02-23,7.7324
1172,2011-02-24,7.7824
1173,2011-02-25,7.6563
1174,2011-02-26,7.4832
1175,2011-02-27,7.5989
1176,2011-02-28,7.7861
1177,2011-03-01,7.7506
1178,2011-03-02,7.7647
1179,2011-03-03,7.7048
1180,2011-03-04,7.6587
1181,2011-03-05,7.3473
1182,2011-03-06,7.5443
1183,2011-03-07,7.7472
1184,2011-03-08,7.6889
1185,2011-03-09,7.7706
1186,2011-03-10,7.6118
1187,2011-03-11,7.4877
1188,2011-03-12,7.5575
1189,2011-03-13,7.5684
1190,2011-03-14,7.5256
1191,2011-03-15,7.662
1192,2011-03-16,7.4164
1193,2011-03-17,7.4437
1194,2011-03-18,7.3165
1195,2011-03-19,7.1747
1196,2011-03-20,7.2478
1197,2011-03-21,7.414
1198,2011-03-22,7.5294
1199,2011-03-23,7.6396
1200,2011-03-24,8.2698
1201,2011-03-25,8.3313
1202,2011-03-26,7.7845
1203,2011-03-27,7.481
1204,2011-03-28,7.5878
1205,2011-03-29,7.6718
1206,2011-03-30,7.5974
1207,2011-03-31,7.6774
1208,2011-04-01,7.4844
1209,2011-04-02,7.2612
1210,2011-04-03,7.392
1211,2011-04-04,7.4283
1212,2011-04-05,7.5575
1213,2011-04-06,7.4889
1214,2011-04-07,7.4271
1215,2011-04-08,8.2153
1216,2011-04-09,8.4937
1217,2011-04-10,8.1432
1218,2011-04-11,8.1218
1219,2011-04-12,8.2079
1220,2011-04-13,8.5198
1221,2011-04-14,8.5747
1222,2011-04-15,8.0478
1223,2011-04-16,7.4877
1224,2011-04-17,7.5663
1225,2011-04-18,7.9977
1226,2011-04-19,8.0084
1227,2011-04-20,7.915
1228,2011-04-21,7.8804
1229,2011-04-22,7.8489
1230,2011-04-23,7.5082
1231,2011-04-24,7.6606
1232,2011-04-25,8.0275
1233,2011-04-26,8.1005
1234,2011-04-27,8.1809
1235,2011-04-28,8.3335
1236,2011-04-29,8.641
1237,2011-04-30,8.4632
1238,2011-05-01,8.012
1239,2011-05-02,7.7956
1240,2011-05-03,7.7057
1241,2011-05-04,7.7786
1242,2011-05-05,7.8124
1243,2011-05-06,7.5616
1244,2011-05-07,7.2633
1245,2011-05-08,7.3556
1246,2011-05-09,7.4748
1247,2011-05-10,7.5342
1248,2011-05-11,7.63
1249,2011-05-12,7.6261
1250,2011-05-13,7.4448
1251,2011-05-14,7.1196
1252,2011-05-15,7.3702
1253,2011-05-16,7.5412
1254,2011-05-17,7.5137
1255,2011-05-18,7.5903
1256,2011-05-19,7.548
1257,2011-05-20,7.3683
1258,2011-05-21,7.1131
1259,2011-05-22,7.2371
1260,2011-05-23,7.4872
1261,2011-05-24,7.6123
1262,2011-05-25,8.2172
1263,2011-05-26,7.6667
1264,2011-05-27,7.3265
1265,2011-05-28,7.0934
1266,2011-05-29,7.1397
1267,2011-05-30,7.4037
1268,2011-05-31,7.426
1269,2011-06-01,7.4378
1270,2011-06-02,7.5533
1271,2011-06-03,7.3218
1272,2011-06-04,7.1033
1273,2011-06-05,7.1107
1274,2011-06-06,7.4821
1275,2011-06-07,7.5459
1276,2011-06-08,7.3278
1277,2011-06-09,7.2196
1278,2011-06-10,7.3633
1279,2011-06-11,7.1884
1280,2011-06-12,7.2506
1281,2011-06-13,7.4501
1282,2011-06-14,7.1974
1283,2011-06-15,7.4194
1284,2011-06-16,7.3796
1285,2011-06-17,7.4031
1286,2011-06-18,7.5159
1287,2011-06-19,7.6372
1288,2011-06-20,7.5262
1289,2011-06-21,7.3185
1290,2011-06-22,7.3821
1291,2011-06-23,7.7498
1292,2011-06-24,7.676
1293,2011-06-25,7.2661
1294,2011-06-26,7.5832
1295,2011-06-27,7.5668
1296,2011-06-28,7.5601
1297,2011-06-29,7.6329
1298,2011-06-30,7.5005
1299,2011-07-01,7.4236
1300,2011-07-02,7.3902
1301,2011-07-03,7.2101
1302,2011-07-04,7.9456
1303,2011-07-05,7.5999
1304,2011-07-06,7.5627
1305,2011-07-07,7.6118
1306,2011-07-08,9.0
1307,2011-07-09,8.7379
1308,2011-07-10,8.268
1309,2011-07-11,7.779
1310,2011-07-12,7.5787
1311,2011-07-13,7.6054
1312,2011-07-14,8.2918
1313,2011-07-15,7.6178
1314,2011-07-16,7.3588
1315,2011-07-17,7.6866
1316,2011-07-18,7.7536
1317,2011-07-19,7.779
1318,2011-07-20,8.0571
1319,2011-07-21,7.8984
1320,2011-07-22,7.7973
1321,2011-07-23,7.5153
1322,2011-07-24,7.4827
1323,2011-07-25,7.8868
1324,2011-07-26,8.3973
1325,2011-07-27,8.2677
1326,2011-07-28,8.2362
1327,2011-07-29,8.3889
1328,2011-07-30,9.0789
1329,2011-07-31,9.633
1330,2011-08-01,8.9478
1331,2011-08-02,8.5393
1332,2011-08-03,8.3478
1333,2011-08-04,8.3253
1334,2011-08-05,8.2556
1335,2011-08-06,8.0971
1336,2011-08-07,8.1359
1337,2011-08-08,8.019
1338,2011-08-09,8.0861
1339,2011-08-10,8.1333
1340,2011-08-11,8.0497
1341,2011-08-12,8.1906
1342,2011-08-13,8.0433
1343,2011-08-14,8.4381
1344,2011-08-15,8.1074
1345,2011-08-16,8.1688
1346,2011-08-17,8.1747
1347,2011-08-18,8.2913
1348,2011-08-19,8.306
1349,2011-08-20,8.4231
1350,2011-08-21,8.7562
1351,2011-08-22,8.7258
1352,2011-08-23,8.7075
1353,2011-08-24,8.5108
1354,2011-08-25,8.7022
1355,2011-08-26,8.5805
1356,2011-08-27,9.2254
1357,2011-08-28,8.4112
1358,2011-08-29,8.4519
1359,2011-08-30,8.7718
1360,2011-08-31,8.2388
1361,2011-09-01,8.1571
1362,2011-09-02,8.0981
1363,2011-09-03,8.0392
1364,2011-09-04,8.1185
1365,2011-09-05,9.1856
1366,2011-09-06,9.1524
1367,2011-09-07,9.0262
1368,2011-09-08,9.7423
1369,2011-09-09,10.0828
1370,2011-09-10,9.1111
1371,2011-09-11,9.7388
1372,2011-09-12,9.6149
1373,2011-09-13,9.348
1374,2011-09-14,8.5543
1375,2011-09-15,8.4496
1376,2011-09-16,8.4305
1377,2011-09-17,8.6054
1378,2011-09-18,9.2199
1379,2011-09-19,9.5008
1380,2011-09-20,9.5223
1381,2011-09-21,8.4789
1382,2011-09-22,8.2835
1383,2011-09-23,8.269
1384,2011-09-24,8.2832
1385,2011-09-25,9.0301
1386,2011-09-26,10.2526
1387,2011-09-27,9.1666
1388,2011-09-28,8.2754
1389,2011-09-29,8.3466
1390,2011-09-30,8.4216
1391,2011-10-01,8.1945
1392,2011-10-02,8.8777
1393,2011-10-03,8.9942
1394,2011-10-04,9.5568
1395,2011-10-05,8.4145
1396,2011-10-06,8.3114
1397,2011-10-07,8.3657
1398,2011-10-08,8.149
1399,2011-10-09,8.9683
1400,2011-10-10,8.8832
1401,2011-10-11,8.7045
1402,2011-10-12,8.233
1403,2011-10-13,8.173
1404,2011-10-14,8.1345
1405,2011-10-15,8.8343
1406,2011-10-16,9.0898
1407,2011-10-17,9.0108
1408,2011-10-18,8.7175
1409,2011-10-19,8.422
1410,2011-10-20,8.3146
1411,2011-10-21,8.2071
1412,2011-10-22,8.0548
1413,2011-10-23,8.8316
1414,2011-10-24,10.1827
1415,2011-10-25,8.8099
1416,2011-10-26,8.7601
1417,2011-10-27,8.885
1418,2011-10-28,8.5616
1419,2011-10-29,8.2496
1420,2011-10-30,9.3566
1421,2011-10-31,9.1275
1422,2011-11-01,8.791
1423,2011-11-02,8.6535
1424,2011-11-03,8.7434
1425,2011-11-04,8.8674
1426,2011-11-05,8.4401
1427,2011-11-06,9.3757
1428,2011-11-07,9.741
1429,2011-11-08,8.8362
1430,2011-11-09,8.461
1431,2011-11-10,8.2164
1432,2011-11-11,8.2284
1433,2011-11-12,8.0472
1434,2011-11-13,9.0723
1435,2011-11-14,9.4676
1436,2011-11-15,8.9867
1437,2011-11-16,8.4392
1438,2011-11-17,8.424
1439,2011-11-18,8.588
1440,2011-11-19,8.254
1441,2011-11-20,8.7451
1442,2011-11-21,9.4951
1443,2011-11-22,8.7247
1444,2011-11-23,8.3596
1445,2011-11-24,8.7637
1446,2011-11-25,8.7279
1447,2011-11-26,8.3855
1448,2011-11-27,9.3131
1449,2011-11-28,9.3062
1450,2011-11-29,9.8468
1451,2011-11-30,8.7968
1452,2011-12-01,8.6461
1453,2011-12-02,8.9398
1454,2011-12-03,8.8438
1455,2011-12-04,9.7005
1456,2011-12-05,9.5391
1457,2011-12-06,8.9083
1458,2011-12-07,9.0218
1459,2011-12-08,9.1096
1460,2011-12-09,8.8716
1461,2011-12-10,8.3823
1462,2011-12-11,9.2323
1463,2011-12-12,9.8529
1464,2011-12-13,8.8471
1465,2011-12-14,8.5335
1466,2011-12-15,8.588
1467,2011-12-16,8.4855
1468,2011-12-17,28.1898
1469,2011-12-18,9.4969
1470,2011-12-19,9.4628
1471,2011-12-20,8.8435
1472,2011-12-21,8.3631
1473,2011-12-22,8.6058
1474,2011-12-23,6.5862
1475,2011-12-24,6.936
1476,2011-12-25,7.2859
1477,2011-12-26,7.6358
1478,2011-12-27,9.2488
1479,2011-12-28,8.8807
1480,2011-12-29,8.6962
1481,2011-12-30,8.4538
1482,2011-12-31,8.1447
1483,2012-01-01,9.0764
1484,2012-01-02,10.2447
1485,2012-01-03,9.8583
1486,2012-01-04,9.1876
1487,2012-01-05,8.7625
1488,2012-01-06,8.5017
1489,2012-01-07,8.6552
1490,2012-01-08,10.0389
1491,2012-01-09,9.4644
1492,2012-01-10,8.9731
1493,2012-01-11,8.9556
1494,2012-01-12,8.9195
1495,2012-01-13,8.7263
1496,2012-01-14,8.7392
1497,2012-01-15,10.262
1498,2012-01-16,10.5695
1499,2012-01-17,9.5612
1500,2012-01-18,9.604
1501,2012-01-19,10.0861
1502,2012-01-20,9.7284
1503,2012-01-21,9.4121
1504,2012-01-22,9.8436
1505,2012-01-23,11.5722
1506,2012-01-24,10.2817
1507,2012-01-25,10.1698
1508,2012-01-26,9.6829
1509,2012-01-27,9.8955
1510,2012-01-28,9.3763
1511,2012-01-29,9.5822
1512,2012-01-30,10.3415
1513,2012-01-31,10.334
1514,2012-02-01,10.2182
1515,2012-02-02,9.7341
1516,2012-02-03,10.1875
1517,2012-02-04,9.8886
1518,2012-02-05,11.0751
1519,2012-02-06,12.6735
1520,2012-02-07,10.9247
1521,2012-02-08,10.1815
1522,2012-02-09,9.8634
1523,2012-02-10,9.9257
1524,2012-02-11,9.4015
1525,2012-02-12,9.3344
1526,2012-02-13,9.1475
1527,2012-02-14,8.914
1528,2012-02-15,9.1802
1529,2012-02-16,9.0572
1530,2012-02-17,8.7128
1531,2012-02-18,8.4031
1532,2012-02-19,8.2948
1533,2012-02-20,9.1159
1534,2012-02-21,8.9516
1535,2012-02-22,8.3514
1536,2012-02-23,8.6538
1537,2012-02-24,8.6429
1538,2012-02-25,8.7162
1539,2012-02-26,8.365
1540,2012-02-27,8.3738
1541,2012-02-28,8.5172
1542,2012-02-29,8.3183
1543,2012-03-01,8.3955
1544,2012-03-02,8.3229
1545,2012-03-03,8.2456
1546,2012-03-04,8.6319
1547,2012-03-05,8.3107
1548,2012-03-06,8.4329
1549,2012-03-07,11.6448
1550,2012-03-08,11.3633
1551,2012-03-09,10.6929
1552,2012-03-10,10.3344
1553,2012-03-11,9.9861
1554,2012-03-12,10.2821
1555,2012-03-13,10.1944
1556,2012-03-14,10.0955
1557,2012-03-15,10.1469
1558,2012-03-16,10.1409
1559,2012-03-17,10.2095
1560,2012-03-18,10.0337
1561,2012-03-19,11.0828
1562,2012-03-20,11.1745
1563,2012-03-21,10.7793
1564,2012-03-22,9.9475
1565,2012-03-23,9.376
1566,2012-03-24,8.9978
1567,2012-03-25,8.8329
1568,2012-03-26,8.8982
1569,2012-03-27,8.7647
1570,2012-03-28,8.5411
1571,2012-03-29,8.3962
1572,2012-03-30,8.3124
1573,2012-03-31,8.3412
1574,2012-04-01,8.1301
1575,2012-04-02,8.3582
1576,2012-04-03,8.3556
1577,2012-04-04,8.1817
1578,2012-04-05,8.1095
1579,2012-04-06,8.0646
1580,2012-04-07,7.8232
1581,2012-04-08,7.8548
1582,2012-04-09,8.1017
1583,2012-04-10,8.0904
1584,2012-04-11,7.9899
1585,2012-04-12,8.0989
1586,2012-04-13,8.6538
1587,2012-04-14,8.0411
1588,2012-04-15,8.0497
1589,2012-04-16,8.2215
1590,2012-04-17,8.1708
1591,2012-04-18,8.3354
1592,2012-04-19,8.2566
1593,2012-04-20,8.0577
1594,2012-04-21,7.708
1595,2012-04-22,7.9172
1596,2012-04-23,8.2602
1597,2012-04-24,8.288
1598,2012-04-25,8.3687
1599,2012-04-26,8.6336
1600,2012-04-27,9.2725
1601,2012-04-28,8.6756
1602,2012-04-29,8.4834
1603,2012-04-30,8.3277
1604,2012-05-01,8.1719
1605,2012-05-02,8.2066
1606,2012-05-03,8.189
1607,2012-05-04,8.0307
1608,2012-05-05,8.0548
1609,2012-05-06,9.1551
1610,2012-05-07,8.8333
1611,2012-05-08,8.3497
1612,2012-05-09,8.1834
1613,2012-05-10,7.9565
1614,2012-05-11,7.8694
1615,2012-05-12,7.7093
1616,2012-05-13,7.8192
1617,2012-05-14,7.8324
1618,2012-05-15,7.8868
1619,2012-05-16,8.0379
1620,2012-05-17,7.9526
1621,2012-05-18,7.7677
1622,2012-05-19,7.4782
1623,2012-05-20,7.539
1624,2012-05-21,7.998
1625,2012-05-22,8.3097
1626,2012-05-23,8.0288
1627,2012-05-24,7.7903
1628,2012-05-25,7.7617
1629,2012-05-26,7.4765
1630,2012-05-27,7.6396
1631,2012-05-28,7.6559
1632,2012-05-29,7.8196
1633,2012-05-30,7.8136
1634,2012-05-31,7.9906
1635,2012-06-01,7.8128
1636,2012-06-02,7.6578
1637,2012-06-03,7.6944
1638,2012-06-04,7.8415
1639,2012-06-05,7.9334
1640,2012-06-06,7.6511
1641,2012-06-07,7.7236
1642,2012-06-08,7.88
1643,2012-06-09,7.9409
1644,2012-06-10,7.7588
1645,2012-06-11,7.6334
1646,2012-06-12,7.8485
1647,2012-06-13,7.8973
1648,2012-06-14,7.7222
1649,2012-06-15,7.7124
1650,2012-06-16,7.5396
1651,2012-06-17,7.9117
1652,2012-06-18,7.8014
1653,2012-06-19,8.4013
1654,2012-06-20,8.1814
1655,2012-06-21,7.8629
1656,2012-06-22,7.9241
1657,2012-06-23,7.5668
1658,2012-06-24,7.5191
1659,2012-06-25,7.6487
1660,2012-06-26,7.7706
1661,2012-06-27,7.6099
1662,2012-06-28,7.5919
1663,2012-06-29,7.539
1664,2012-06-30,7.3454
1665,2012-07-01,7.4634
1666,2012-07-02,7.5148
1667,2012-07-03,7.6425
1668,2012-07-04,7.676
1669,2012-07-05,7.558
1670,2012-07-06,7.6889
1671,2012-07-07,7.6064
1672,2012-07-08,7.5822
1673,2012-07-09,7.742
1674,2012-07-10,7.7824
1675,2012-07-11,8.0064
1676,2012-07-12,8.651
1677,2012-07-13,8.4036
1678,2012-07-14,8.385
1679,2012-07-15,8.0281
1680,2012-07-16,7.9579
1681,2012-07-17,7.9953
1682,2012-07-18,7.9923
1683,2012-07-19,7.9359
1684,2012-07-20,7.9879
1685,2012-07-21,7.7836
1686,2012-07-22,7.8087
1687,2012-07-23,8.0533
1688,2012-07-24,7.9759
1689,2012-07-25,8.1224
1690,2012-07-26,8.5599
1691,2012-07-27,8.9274
1692,2012-07-28,8.2858
1693,2012-07-29,8.284
1694,2012-07-30,8.1634
1695,2012-07-31,7.9143
1696,2012-08-01,7.8644
1697,2012-08-02,8.0722
1698,2012-08-03,8.0802
1699,2012-08-04,8.1209
1700,2012-08-05,8.1131
1701,2012-08-06,8.1444
1702,2012-08-07,8.0646
1703,2012-08-08,7.9448
1704,2012-08-09,8.2414
1705,2012-08-10,9.0074
1706,2012-08-11,8.6623
1707,2012-08-12,8.8006
1708,2012-08-13,8.3742
1709,2012-08-14,8.5641
1710,2012-08-15,8.3843
1711,2012-08-16,8.1265
1712,2012-08-17,8.3907
1713,2012-08-18,8.3352
1714,2012-08-19,8.9278
1715,2012-08-20,9.008
1716,2012-08-21,8.3782
1717,2012-08-22,8.2033
1718,2012-08-23,8.3857
1719,2012-08-24,8.3112
1720,2012-08-25,8.7415
1721,2012-08-26,9.443
1722,2012-08-27,9.1459
1723,2012-08-28,8.5895
1724,2012-08-29,8.4648
1725,2012-08-30,8.3659
1726,2012-08-31,8.5654
1727,2012-09-01,8.4724
1728,2012-09-02,8.9665
1729,2012-09-03,8.5601
1730,2012-09-04,8.4691
1731,2012-09-05,8.7439
1732,2012-09-06,10.0138
1733,2012-09-07,8.6911
1734,2012-09-08,8.7809
1735,2012-09-09,9.839
1736,2012-09-10,11.6149
1737,2012-09-11,9.6287
1738,2012-09-12,8.7829
1739,2012-09-13,8.6812
1740,2012-09-14,9.001
1741,2012-09-15,8.7462
1742,2012-09-16,9.8073
1743,2012-09-17,9.6127
1744,2012-09-18,10.5921
1745,2012-09-19,8.7554
1746,2012-09-20,8.5606
1747,2012-09-21,9.4052
1748,2012-09-22,8.4581
1749,2012-09-23,9.5496
1750,2012-09-24,9.606
1751,2012-09-25,8.6773
1752,2012-09-26,8.171
1753,2012-09-27,8.2414
1754,2012-09-28,8.511
1755,2012-09-29,8.3236
1756,2012-09-30,9.2592
1757,2012-10-01,9.8497
1758,2012-10-02,8.8332
1759,2012-10-03,8.4978
1760,2012-10-04,8.6341
1761,2012-10-05,9.0423
1762,2012-10-06,8.55
1763,2012-10-07,9.8181
1764,2012-10-08,9.9021
1765,2012-10-09,8.9164
1766,2012-10-10,8.3321
1767,2012-10-11,8.2367
1768,2012-10-12,8.4018
1769,2012-10-13,8.2417
1770,2012-10-14,9.0356
1771,2012-10-15,9.1041
1772,2012-10-16,10.8321
1773,2012-10-17,8.7788
1774,2012-10-18,8.4801
1775,2012-10-19,8.4894
1776,2012-10-20,8.2506
1777,2012-10-21,9.5434
1778,2012-10-22,9.0972
1779,2012-10-23,8.6694
1780,2012-10-24,8.3492
1781,2012-10-25,8.3407
1782,2012-10-26,8.4947
1783,2012-10-27,8.5333
1784,2012-10-28,9.2198
1785,2012-10-29,10.4443
1786,2012-10-30,8.877
1787,2012-10-31,8.6819
1788,2012-11-01,8.4982
1789,2012-11-02,8.5685
1790,2012-11-03,8.4587
1791,2012-11-04,9.7182
1792,2012-11-05,9.687
1793,2012-11-06,8.8301
1794,2012-11-07,8.388
1795,2012-11-08,8.4984
1796,2012-11-09,8.8472
1797,2012-11-10,8.281
1798,2012-11-11,9.2649
1799,2012-11-12,9.1117
1800,2012-11-13,8.7068
1801,2012-11-14,8.3318
1802,2012-11-15,8.3666
1803,2012-11-16,8.2769
1804,2012-11-17,8.1295
1805,2012-11-18,9.1792
1806,2012-11-19,9.6856
1807,2012-11-20,8.6552
1808,2012-11-21,8.2945
1809,2012-11-22,8.6522
1810,2012-11-23,8.9297
1811,2012-11-24,8.3959
1812,2012-11-25,9.4675
1813,2012-11-26,9.8898
1814,2012-11-27,8.8492
1815,2012-11-28,8.6143
1816,2012-11-29,8.4816
1817,2012-11-30,8.7491
1818,2012-12-01,8.6536
1819,2012-12-02,9.3483
1820,2012-12-03,9.6768
1821,2012-12-04,9.6429
1822,2012-12-05,8.7289
1823,2012-12-06,8.7789
1824,2012-12-07,9.9606
1825,2012-12-08,8.7378
1826,2012-12-09,9.2526
1827,2012-12-10,9.2662
1828,2012-12-11,9.4273
1829,2012-12-12,8.793
1830,2012-12-13,8.703
1831,2012-12-14,8.4394
1832,2012-12-15,8.291
1833,2012-12-16,9.3133
1834,2012-12-17,9.3479
1835,2012-12-18,8.7915
1836,2012-12-19,8.519
1837,2012-12-20,8.4129
1838,2012-12-21,8.2968
1839,2012-12-22,8.2126
1840,2012-12-23,9.2566
1841,2012-12-24,9.6523
1842,2012-12-25,8.6375
1843,2012-12-26,8.6078
1844,2012-12-27,8.9653
1845,2012-12-28,8.6837
1846,2012-12-29,8.5327
1847,2012-12-30,9.4902
1848,2012-12-31,10.1429
1849,2013-01-01,9.1116
1850,2013-01-02,9.085
1851,2013-01-03,9.0551
1852,2013-01-04,9.3363
1853,2013-01-05,9.2396
1854,2013-01-06,10.1327
1855,2013-01-07,9.4912
1856,2013-01-08,9.1123
1857,2013-01-09,9.0636
1858,2013-01-10,8.973
1859,2013-01-11,9.1455
1860,2013-01-12,10.5419
1861,2013-01-13,11.5075
1862,2013-01-14,10.1932
1863,2013-01-15,9.28
1864,2013-01-16,8.8464
1865,2013-01-17,8.7326
1866,2013-01-18,8.655
1867,2013-01-19,8.4545
1868,2013-01-20,8.9637
1869,2013-01-21,10.0211
1870,2013-01-22,9.0057
1871,2013-01-23,8.8609
1872,2013-01-24,8.5852
1873,2013-01-25,8.5362
1874,2013-01-26,8.4585
1875,2013-01-27,8.5344
1876,2013-01-28,10.1042
1877,2013-01-29,8.6507
1878,2013-01-30,8.5122
1879,2013-01-31,8.4855
1880,2013-02-01,8.5779
1881,2013-02-02,8.5499
1882,2013-02-03,9.6062
1883,2013-02-04,10.0262
1884,2013-02-05,8.8702
1885,2013-02-06,8.5279
1886,2013-02-07,8.3834
1887,2013-02-08,8.2008
1888,2013-02-09,8.0929
1889,2013-02-10,8.0388
1890,2013-02-11,8.0864
1891,2013-02-12,8.0366
1892,2013-02-13,7.9752
1893,2013-02-14,7.8427
1894,2013-02-15,7.8936
1895,2013-02-16,7.8176
1896,2013-02-17,7.8228
1897,2013-02-18,7.9673
1898,2013-02-19,8.0067
1899,2013-02-20,7.9113
1900,2013-02-21,7.8517
1901,2013-02-22,7.8721
1902,2013-02-23,7.7536
1903,2013-02-24,7.6829
1904,2013-02-25,7.8438
1905,2013-02-26,8.1915
1906,2013-02-27,7.9783
1907,2013-02-28,7.9233
1908,2013-03-01,7.8713
1909,2013-03-02,7.7437
1910,2013-03-03,7.7786
1911,2013-03-04,7.8352
1912,2013-03-05,7.8383
1913,2013-03-06,7.8462
1914,2013-03-07,7.9204
1915,2013-03-08,7.7579
1916,2013-03-09,7.5863
1917,2013-03-10,7.5148
1918,2013-03-11,7.7579
1919,2013-03-12,7.8034
1920,2013-03-13,8.079
1921,2013-03-14,8.3807
1922,2013-03-15,8.0643
1923,2013-03-16,7.8528
1924,2013-03-17,7.904
1925,2013-03-18,7.8446
1926,2013-03-19,7.8895
1927,2013-03-20,8.2255
1928,2013-03-21,8.5407
1929,2013-03-22,8.0193
1930,2013-03-23,7.8312
1931,2013-03-24,8.4332
1932,2013-03-25,8.0962
1933,2013-03-26,7.8663
1934,2013-03-27,7.779
1935,2013-03-28,7.7736
1936,2013-03-29,7.7728
1937,2013-03-30,7.7681
1938,2013-03-31,7.481
1939,2013-04-01,7.7437
1940,2013-04-02,7.5964
1941,2013-04-03,7.6806
1942,2013-04-04,7.5385
1943,2013-04-05,7.4501
1944,2013-04-06,7.4431
1945,2013-04-07,7.5486
1946,2013-04-08,7.6406
1947,2013-04-09,7.6765
1948,2013-04-10,7.5673
1949,2013-04-11,8.0768
1950,2013-04-12,7.7012
1951,2013-04-13,7.3683
1952,2013-04-14,7.3664
1953,2013-04-15,7.4866
1954,2013-04-16,7.574
1955,2013-04-17,7.5689
1956,2013-04-18,7.6396
1957,2013-04-19,7.8532
1958,2013-04-20,7.3119
1959,2013-04-21,7.5364
1960,2013-04-22,7.6825
1961,2013-04-23,7.7319
1962,2013-04-24,8.012
1963,2013-04-25,7.9804
1964,2013-04-26,8.1713
1965,2013-04-27,7.978
1966,2013-04-28,7.7948
1967,2013-04-29,8.3042
1968,2013-04-30,8.0564
1969,2013-05-01,7.7778
1970,2013-05-02,8.229
1971,2013-05-03,7.9006
1972,2013-05-04,7.4616
1973,2013-05-05,7.5491
1974,2013-05-06,7.8168
1975,2013-05-07,7.7222
1976,2013-05-08,7.7156
1977,2013-05-09,7.7262
1978,2013-05-10,7.5817
1979,2013-05-11,7.2654
1980,2013-05-12,7.3011
1981,2013-05-13,7.4742
1982,2013-05-14,7.5888
1983,2013-05-15,7.6109
1984,2013-05-16,7.6478
1985,2013-05-17,7.6019
1986,2013-05-18,7.2542
1987,2013-05-19,7.1801
1988,2013-05-20,7.3771
1989,2013-05-21,7.5751
1990,2013-05-22,7.5071
1991,2013-05-23,7.5858
1992,2013-05-24,7.4073
1993,2013-05-25,7.0309
1994,2013-05-26,7.1507
1995,2013-05-27,7.2542
1996,2013-05-28,7.4507
1997,2013-05-29,7.5512
1998,2013-05-30,7.6133
1999,2013-05-31,7.4271
2000,2013-06-01,7.3505
2001,2013-06-02,7.2882
2002,2013-06-03,7.4348
2003,2013-06-04,7.5374
2004,2013-06-05,7.3524
2005,2013-06-06,7.2821
2006,2013-06-07,7.3032
2007,2013-06-08,7.2937
2008,2013-06-09,7.2298
2009,2013-06-10,7.5751
2010,2013-06-11,7.9742
2011,2013-06-12,7.6158
2012,2013-06-13,7.4742
2013,2013-06-14,7.3343
2014,2013-06-15,7.3192
2015,2013-06-16,7.4049
2016,2013-06-17,7.4248
2017,2013-06-18,7.4702
2018,2013-06-19,7.3677
2019,2013-06-20,7.2841
2020,2013-06-21,7.3258
2021,2013-06-22,7.291
2022,2013-06-23,7.1914
2023,2013-06-24,7.2896
2024,2013-06-25,7.3324
2025,2013-06-26,7.3957
2026,2013-06-27,7.5673
2027,2013-06-28,7.6212
2028,2013-06-29,7.2689
2029,2013-06-30,7.2696
2030,2013-07-01,7.3079
2031,2013-07-02,7.2814
2032,2013-07-03,7.3212
2033,2013-07-04,7.5121
2034,2013-07-05,7.5005
2035,2013-07-06,7.1131
2036,2013-07-07,7.142
2037,2013-07-08,7.3238
2038,2013-07-09,7.4289
2039,2013-07-10,7.5289
2040,2013-07-11,7.42
2041,2013-07-12,7.4731
2042,2013-07-13,7.3376
2043,2013-07-14,7.3544
2044,2013-07-15,7.5827
2045,2013-07-16,7.6261
2046,2013-07-17,7.7596
2047,2013-07-18,7.9406
2048,2013-07-19,7.5909
2049,2013-07-20,7.4182
2050,2013-07-21,7.4116
2051,2013-07-22,7.5979
2052,2013-07-23,7.1169
2053,2013-07-24,6.6359
2054,2013-07-25,7.6473
2055,2013-07-26,7.8276
2056,2013-07-27,7.6339
2057,2013-07-28,8.5303
2058,2013-07-29,8.5295
2059,2013-07-30,7.8513
2060,2013-07-31,7.7956
2061,2013-08-01,7.5822
2062,2013-08-02,7.439
2063,2013-08-03,7.6387
2064,2013-08-04,7.5273
2065,2013-08-05,7.7249
2066,2013-08-06,7.9135
2067,2013-08-07,8.6596
2068,2013-08-08,8.2958
2069,2013-08-09,8.1324
2070,2013-08-10,7.9255
2071,2013-08-11,7.8284
2072,2013-08-12,7.8442
2073,2013-08-13,7.777
2074,2013-08-14,7.7668
2075,2013-08-15,7.7899
2076,2013-08-16,7.6939
2077,2013-08-17,7.7156
2078,2013-08-18,8.1528
2079,2013-08-19,8.253
2080,2013-08-20,7.9413
2081,2013-08-21,7.8095
2082,2013-08-22,7.8192
2083,2013-08-23,7.8124
2084,2013-08-24,7.5454
2085,2013-08-25,8.4743
2086,2013-08-26,7.7919
2087,2013-08-27,7.6681
2088,2013-08-28,7.8055
2089,2013-08-29,7.9673
2090,2013-08-30,7.9943
2091,2013-08-31,7.8095
2092,2013-09-01,8.7032
2093,2013-09-02,7.9673
2094,2013-09-03,8.0962
2095,2013-09-04,8.0379
2096,2013-09-05,8.5802
2097,2013-09-06,10.8719
2098,2013-09-07,9.1925
2099,2013-09-08,9.1507
2100,2013-09-09,9.8232
2101,2013-09-10,8.7689
2102,2013-09-11,8.5086
2103,2013-09-12,8.7297
2104,2013-09-13,8.9215
2105,2013-09-14,8.5299
2106,2013-09-15,10.416
2107,2013-09-16,10.337
2108,2013-09-17,9.1464
2109,2013-09-18,8.5088
2110,2013-09-19,8.3862
2111,2013-09-20,8.361
2112,2013-09-21,8.1298
2113,2013-09-22,8.732
2114,2013-09-23,8.7358
2115,2013-09-24,10.8197
2116,2013-09-25,10.6591
2117,2013-09-26,9.8495
2118,2013-09-27,8.8882
2119,2013-09-28,8.9277
2120,2013-09-29,9.6674
2121,2013-09-30,10.1635
2122,2013-10-01,9.3379
2123,2013-10-02,9.1772
2124,2013-10-03,8.8791
2125,2013-10-04,8.5787
2126,2013-10-05,8.73
2127,2013-10-06,9.9533
2128,2013-10-07,10.2387
2129,2013-10-08,9.2031
2130,2013-10-09,8.7472
2131,2013-10-10,8.7755
2132,2013-10-11,9.2098
2133,2013-10-12,8.5281
2134,2013-10-13,9.0577
2135,2013-10-14,9.4229
2136,2013-10-15,9.0292
2137,2013-10-16,9.0977
2138,2013-10-17,9.4481
2139,2013-10-18,9.1125
2140,2013-10-19,8.8027
2141,2013-10-20,9.2084
2142,2013-10-21,11.0471
2143,2013-10-22,9.3276
2144,2013-10-23,8.6788
2145,2013-10-24,8.5766
2146,2013-10-25,8.436
2147,2013-10-26,8.1901
2148,2013-10-27,9.0604
2149,2013-10-28,9.2703
2150,2013-10-29,8.5017
2151,2013-10-30,8.1873
2152,2013-10-31,8.0959
2153,2013-11-01,8.0433
2154,2013-11-02,7.9526
2155,2013-11-03,8.3991
2156,2013-11-04,8.791
2157,2013-11-05,8.303
2158,2013-11-06,8.1191
2159,2013-11-07,8.2303
2160,2013-11-08,8.1577
2161,2013-11-09,7.8292
2162,2013-11-10,8.574
2163,2013-11-11,9.6113
2164,2013-11-12,8.9239
2165,2013-11-13,8.3654
2166,2013-11-14,8.3119
2167,2013-11-15,8.6314
2168,2013-11-16,8.4538
2169,2013-11-17,8.9059
2170,2013-11-18,10.8675
2171,2013-11-19,9.1551
2172,2013-11-20,8.4394
2173,2013-11-21,8.4435
2174,2013-11-22,8.5726
2175,2013-11-23,8.3724
2176,2013-11-24,8.736
2177,2013-11-25,10.3885
2178,2013-11-26,8.7088
2179,2013-11-27,8.1953
2180,2013-11-28,8.2215
2181,2013-11-29,8.2751
2182,2013-11-30,8.1699
2183,2013-12-01,8.8223
2184,2013-12-02,9.8054
2185,2013-12-03,9.3891
2186,2013-12-04,8.9813
2187,2013-12-05,8.5792
2188,2013-12-06,8.4878
2189,2013-12-07,8.7219
2190,2013-12-08,8.9182
2191,2013-12-09,9.6516
2192,2013-12-10,8.8647
2193,2013-12-11,8.5094
2194,2013-12-12,8.6318
2195,2013-12-13,9.2027
2196,2013-12-14,8.9038
2197,2013-12-15,9.0265
2198,2013-12-16,9.2377
2199,2013-12-17,8.8951
2200,2013-12-18,8.6429
2201,2013-12-19,8.1298
2202,2013-12-20,8.2918
2203,2013-12-21,8.098
2204,2013-12-22,9.5188
2205,2013-12-23,9.9047
2206,2013-12-24,8.9373
2207,2013-12-25,8.5789
2208,2013-12-26,8.7159
2209,2013-12-27,8.489
2210,2013-12-28,8.5057
2211,2013-12-29,9.3001
2212,2013-12-30,10.1462
2213,2013-12-31,9.1771
2214,2014-01-01,8.8356
2215,2014-01-02,8.8329
2216,2014-01-03,8.9231
2217,2014-01-04,38.8933
2218,2014-01-05,8.6026
2219,2014-01-06,8.797
2220,2014-01-07,8.9914
2221,2014-01-08,8.8069
2222,2014-01-09,8.8541
2223,2014-01-10,8.931
2224,2014-01-11,8.8528
2225,2014-01-12,10.6933
2226,2014-01-13,11.3076
2227,2014-01-14,9.8375
2228,2014-01-15,9.6051
2229,2014-01-16,9.7454
2230,2014-01-17,9.6756
2231,2014-01-18,9.4347
2232,2014-01-19,11.5036
2233,2014-01-20,11.9768
2234,2014-01-21,10.5426
2235,2014-01-22,10.0043
2236,2014-01-23,9.7328
2237,2014-01-24,9.8665
2238,2014-01-25,9.3709
2239,2014-01-26,9.4905
2240,2014-01-27,10.1392
2241,2014-01-28,9.9998
2242,2014-01-29,10.0327
2243,2014-01-30,10.3804
2244,2014-01-31,10.4531
2245,2014-02-01,10.2401
2246,2014-02-02,11.7605
2247,2014-02-03,12.8467
2248,2014-02-04,10.7669
2249,2014-02-05,9.8452
2250,2014-02-06,9.2904
2251,2014-02-07,9.1033
2252,2014-02-08,8.7957
2253,2014-02-09,8.6234
2254,2014-02-10,8.4183
2255,2014-02-11,8.3109
2256,2014-02-12,8.2362
2257,2014-02-13,8.1312
2258,2014-02-14,7.9277
2259,2014-02-15,7.7592
2260,2014-02-16,7.7267
2261,2014-02-17,7.8352
2262,2014-02-18,7.8842
2263,2014-02-19,7.9146
2264,2014-02-20,7.9255
2265,2014-02-21,7.7532
2266,2014-02-22,7.5088
2267,2014-02-23,7.5575
2268,2014-02-24,7.8026
2269,2014-02-25,7.6839
2270,2014-02-26,7.9845
2271,2014-02-27,7.8517
2272,2014-02-28,7.6848
2273,2014-03-01,7.3376
2274,2014-03-02,7.4037
2275,2014-03-03,7.8679
2276,2014-03-04,7.8984
2277,2014-03-05,7.5843
2278,2014-03-06,7.7142
2279,2014-03-07,7.8895
2280,2014-03-08,7.3258
2281,2014-03-09,7.4889
2282,2014-03-10,7.5538
2283,2014-03-11,7.67
2284,2014-03-12,7.9882
2285,2014-03-13,8.0044
2286,2014-03-14,7.6511
2287,2014-03-15,7.4866
2288,2014-03-16,7.4495
2289,2014-03-17,7.5954
2290,2014-03-18,7.6099
2291,2014-03-19,7.548
2292,2014-03-20,7.6178
2293,2014-03-21,7.5954
2294,2014-03-22,7.3467
2295,2014-03-23,7.4012
2296,2014-03-24,8.0932
2297,2014-03-25,7.9237
2298,2014-03-26,7.6907
2299,2014-03-27,8.439
2300,2014-03-28,7.7824
2301,2014-03-29,7.3085
2302,2014-03-30,7.2619
2303,2014-03-31,7.4372
2304,2014-04-01,7.5401
2305,2014-04-02,7.5853
2306,2014-04-03,7.6089
2307,2014-04-04,7.4645
2308,2014-04-05,7.157
2309,2014-04-06,7.4877
2310,2014-04-07,7.4489
2311,2014-04-08,7.4702
2312,2014-04-09,7.436
2313,2014-04-10,7.5219
2314,2014-04-11,7.4103
2315,2014-04-12,7.1562
2316,2014-04-13,7.1381
2317,2014-04-14,7.3626
2318,2014-04-15,7.517
2319,2014-04-16,7.6173
2320,2014-04-17,7.4955
2321,2014-04-18,7.392
2322,2014-04-19,7.1747
2323,2014-04-20,8.0913
2324,2014-04-21,7.5153
2325,2014-04-22,7.8458
2326,2014-04-23,7.6912
2327,2014-04-24,7.8348
2328,2014-04-25,7.6774
2329,2014-04-26,7.2485
2330,2014-04-27,7.4025
2331,2014-04-28,7.6944
2332,2014-04-29,7.826
2333,2014-04-30,7.6118
2334,2014-05-01,7.5137
2335,2014-05-02,7.676
2336,2014-05-03,7.2406
2337,2014-05-04,7.6554
2338,2014-05-05,8.1394
2339,2014-05-06,8.3749
2340,2014-05-07,7.9017
2341,2014-05-08,8.0239
2342,2014-05-09,8.7502
2343,2014-05-10,8.0818
2344,2014-05-11,7.7044
2345,2014-05-12,7.8683
2346,2014-05-13,7.8196
2347,2014-05-14,7.7609
2348,2014-05-15,7.6672
2349,2014-05-16,7.6343
2350,2014-05-17,7.3512
2351,2014-05-18,7.5893
2352,2014-05-19,7.9102
2353,2014-05-20,7.8548
2354,2014-05-21,7.6468
2355,2014-05-22,7.4916
2356,2014-05-23,7.5235
2357,2014-05-24,7.0353
2358,2014-05-25,7.0656
2359,2014-05-26,7.2298
2360,2014-05-27,7.5082
2361,2014-05-28,8.3116
2362,2014-05-29,8.014
2363,2014-05-30,7.4972
2364,2014-05-31,7.8316
2365,2014-06-01,7.1515
2366,2014-06-02,7.411
2367,2014-06-03,7.6309
2368,2014-06-04,7.4759
2369,2014-06-05,7.5883
2370,2014-06-06,7.2464
2371,2014-06-07,7.1033
2372,2014-06-08,7.1041
2373,2014-06-09,7.1929
2374,2014-06-10,7.4012
2375,2014-06-11,7.4396
2376,2014-06-12,7.708
2377,2014-06-13,7.3505
2378,2014-06-14,7.3225
2379,2014-06-15,7.2855
2380,2014-06-16,7.3677
2381,2014-06-17,7.2675
2382,2014-06-18,7.2248
2383,2014-06-19,7.2226
2384,2014-06-20,7.3518
2385,2014-06-21,6.9754
2386,2014-06-22,7.0432
2387,2014-06-23,7.481
2388,2014-06-24,7.2034
2389,2014-06-25,7.224
2390,2014-06-26,7.1131
2391,2014-06-27,7.0792
2392,2014-06-28,6.8855
2393,2014-06-29,6.8742
2394,2014-06-30,7.7231
2395,2014-07-01,7.4967
2396,2014-07-02,7.224
2397,2014-07-03,7.2724
2398,2014-07-04,7.0792
2399,2014-07-05,6.8544
2400,2014-07-06,6.9305
2401,2014-07-07,7.1562
2402,2014-07-08,7.3146
2403,2014-07-09,7.2269
2404,2014-07-10,7.6568
2405,2014-07-11,7.5401
2406,2014-07-12,7.2101
2407,2014-07-13,7.2499
2408,2014-07-14,7.2944
2409,2014-07-15,7.5191
2410,2014-07-16,7.4224
2411,2014-07-17,8.2236
2412,2014-07-18,7.4928
2413,2014-07-19,7.2248
2414,2014-07-20,7.2563
2415,2014-07-21,7.4489
2416,2014-07-22,7.6554
2417,2014-07-23,7.6714
2418,2014-07-24,7.9241
2419,2014-07-25,7.801
2420,2014-07-26,7.4565
2421,2014-07-27,7.3626
2422,2014-07-28,8.2131
2423,2014-07-29,8.2364
2424,2014-07-30,7.9215
2425,2014-07-31,7.745
2426,2014-08-01,7.5781
2427,2014-08-02,7.5668
2428,2014-08-03,7.6582
2429,2014-08-04,8.2708
2430,2014-08-05,7.803
2431,2014-08-06,7.6227
2432,2014-08-07,7.7003
2433,2014-08-08,8.0586
2434,2014-08-09,7.6411
2435,2014-08-10,7.8364
2436,2014-08-11,8.3736
2437,2014-08-12,8.6094
2438,2014-08-13,8.1772
2439,2014-08-14,8.0369
2440,2014-08-15,7.9533
2441,2014-08-16,7.7849
2442,2014-08-17,8.0737
2443,2014-08-18,8.2805
2444,2014-08-19,8.1992
2445,2014-08-20,8.0003
2446,2014-08-21,7.8872
2447,2014-08-22,7.8372
2448,2014-08-23,7.9797
2449,2014-08-24,8.5184
2450,2014-08-25,8.3563
2451,2014-08-26,7.9324
2452,2014-08-27,7.8368
2453,2014-08-28,8.187
2454,2014-08-29,8.5372
2455,2014-08-30,8.0265
2456,2014-08-31,7.9728
2457,2014-09-01,8.3745
2458,2014-09-02,8.2532
2459,2014-09-03,8.4459
2460,2014-09-04,8.4927
2461,2014-09-05,8.8391
2462,2014-09-06,8.0759
2463,2014-09-07,8.7502
2464,2014-09-08,10.7024
2465,2014-09-09,10.06
2466,2014-09-10,8.7932
2467,2014-09-11,8.7144
2468,2014-09-12,9.0563
2469,2014-09-13,8.6216
2470,2014-09-14,9.9614
2471,2014-09-15,9.7086
2472,2014-09-16,9.1964
2473,2014-09-17,8.6143
2474,2014-09-18,8.889
2475,2014-09-19,9.0163
2476,2014-09-20,8.1992
2477,2014-09-21,9.1622
2478,2014-09-22,9.6075
2479,2014-09-23,8.4429
2480,2014-09-24,8.1574
2481,2014-09-25,8.1845
2482,2014-09-26,8.839
2483,2014-09-27,8.2128
2484,2014-09-28,8.3362
2485,2014-09-29,8.5904
2486,2014-09-30,8.7013
2487,2014-10-01,8.2664
2488,2014-10-02,8.2746
2489,2014-10-03,8.3664
2490,2014-10-04,8.0353
2491,2014-10-05,9.2315
2492,2014-10-06,9.9647
2493,2014-10-07,8.8455
2494,2014-10-08,8.673
2495,2014-10-09,8.4007
2496,2014-10-10,8.5804
2497,2014-10-11,8.0206
2498,2014-10-12,9.1075
2499,2014-10-13,9.4384
2500,2014-10-14,8.5013
2501,2014-10-15,8.3134
2502,2014-10-16,8.3255
2503,2014-10-17,8.4764
2504,2014-10-18,8.2011
2505,2014-10-19,8.7005
2506,2014-10-20,11.2745
2507,2014-10-21,9.6076
2508,2014-10-22,8.8786
2509,2014-10-23,8.7659
2510,2014-10-24,9.8564
2511,2014-10-25,8.4342
2512,2014-10-26,8.8034
2513,2014-10-27,9.3818
2514,2014-10-28,8.7603
2515,2014-10-29,8.5551
2516,2014-10-30,8.4688
2517,2014-10-31,8.5313
2518,2014-11-01,8.0456
2519,2014-11-02,9.0902
2520,2014-11-03,9.4541
2521,2014-11-04,9.0591
2522,2014-11-05,8.2595
2523,2014-11-06,8.1895
2524,2014-11-07,8.1953
2525,2014-11-08,7.6939
2526,2014-11-09,8.29
2527,2014-11-10,9.0329
2528,2014-11-11,8.3827
2529,2014-11-12,8.218
2530,2014-11-13,8.1247
2531,2014-11-14,8.0469
2532,2014-11-15,7.573
2533,2014-11-16,8.3986
2534,2014-11-17,8.7114
2535,2014-11-18,8.2511
2536,2014-11-19,7.9923
2537,2014-11-20,8.0054
2538,2014-11-21,8.0809
2539,2014-11-22,7.5283
2540,2014-11-23,8.2025
2541,2014-11-24,9.0744
2542,2014-11-25,8.2147
2543,2014-11-26,7.968
2544,2014-11-27,8.1283
2545,2014-11-28,7.9537
2546,2014-11-29,7.6667
2547,2014-11-30,7.9655
2548,2014-12-01,9.1422
2549,2014-12-02,8.287
2550,2014-12-03,8.2832
2551,2014-12-04,8.301
2552,2014-12-05,8.388
2553,2014-12-06,7.7098
2554,2014-12-07,8.111
2555,2014-12-08,8.7456
2556,2014-12-09,8.3914
2557,2014-12-10,8.1197
2558,2014-12-11,8.2359
2559,2014-12-12,8.1068
2560,2014-12-13,7.712
2561,2014-12-14,8.4253
2562,2014-12-15,8.8494
2563,2014-12-16,8.4931
2564,2014-12-17,8.1741
2565,2014-12-18,8.1023
2566,2014-12-19,7.8336
2567,2014-12-20,7.5229
2568,2014-12-21,7.9102
2569,2014-12-22,8.3654
2570,2014-12-23,9.0606
2571,2014-12-24,8.1792
2572,2014-12-25,8.0163
2573,2014-12-26,8.1032
2574,2014-12-27,7.8144
2575,2014-12-28,8.388
2576,2014-12-29,8.7481
2577,2014-12-30,8.3129
2578,2014-12-31,7.9233
2579,2015-01-01,7.8466
2580,2015-01-02,8.302
2581,2015-01-03,8.4362
2582,2015-01-04,8.9346
2583,2015-01-05,8.8886
2584,2015-01-06,8.6642
2585,2015-01-07,8.5
2586,2015-01-08,8.4183
2587,2015-01-09,8.4722
2588,2015-01-10,8.3072
2589,2015-01-11,9.8866
2590,2015-01-12,10.695
2591,2015-01-13,9.7602
2592,2015-01-14,9.1101
2593,2015-01-15,8.7995
2594,2015-01-16,8.7831
2595,2015-01-17,8.4299
2596,2015-01-18,8.8788
2597,2015-01-19,9.7594
2598,2015-01-20,8.9521
2599,2015-01-21,8.6611
2600,2015-01-22,8.5849
2601,2015-01-23,8.3966
2602,2015-01-24,7.9237
2603,2015-01-25,8.0855
2604,2015-01-26,8.3589
2605,2015-01-27,8.3035
2606,2015-01-28,8.2779
2607,2015-01-29,8.3636
2608,2015-01-30,8.5982
2609,2015-01-31,8.0812
2610,2015-02-01,9.0344
2611,2015-02-02,10.2832
2612,2015-02-03,9.2732
2613,2015-02-04,8.7141
2614,2015-02-05,8.4738
2615,2015-02-06,8.2335
2616,2015-02-07,7.8842
2617,2015-02-08,7.8128
2618,2015-02-09,7.9313
2619,2015-02-10,8.4145
2620,2015-02-11,8.1565
2621,2015-02-12,7.8571
2622,2015-02-13,7.9099
2623,2015-02-14,7.8091
2624,2015-02-15,7.5077
2625,2015-02-16,8.2039
2626,2015-02-17,7.8216
2627,2015-02-18,7.8038
2628,2015-02-19,7.7609
2629,2015-02-20,7.7035
2630,2015-02-21,8.0612
2631,2015-02-22,7.3505
2632,2015-02-23,7.4838
2633,2015-02-24,7.5406
2634,2015-02-25,7.6967
2635,2015-02-26,7.5038
2636,2015-02-27,7.3982
2637,2015-02-28,7.0423
2638,2015-03-01,7.0527
2639,2015-03-02,7.3626
2640,2015-03-03,7.6232
2641,2015-03-04,7.7952
2642,2015-03-05,8.4268
2643,2015-03-06,7.9168
2644,2015-03-07,7.2363
2645,2015-03-08,7.2064
2646,2015-03-09,7.5564
2647,2015-03-10,7.5827
2648,2015-03-11,7.6829
2649,2015-03-12,7.6069
2650,2015-03-13,7.7035
2651,2015-03-14,7.1515
2652,2015-03-15,7.0405
2653,2015-03-16,7.3389
2654,2015-03-17,7.4844
2655,2015-03-18,7.3518
2656,2015-03-19,7.4236
2657,2015-03-20,7.2917
2658,2015-03-21,6.8167
2659,2015-03-22,6.9108
2660,2015-03-23,7.3212
2661,2015-03-24,7.9916
2662,2015-03-25,7.7129
2663,2015-03-26,7.2828
2664,2015-03-27,7.3059
2665,2015-03-28,6.9058
2666,2015-03-29,7.8732
2667,2015-03-30,7.0859
2668,2015-03-31,7.271
2669,2015-04-01,7.2138
2670,2015-04-02,7.1663
2671,2015-04-03,7.213
2672,2015-04-04,6.8298
2673,2015-04-05,6.8013
2674,2015-04-06,7.1577
2675,2015-04-07,7.0458
2676,2015-04-08,7.0917
2677,2015-04-09,7.2342
2678,2015-04-10,7.28
2679,2015-04-11,6.697
2680,2015-04-12,7.0282
2681,2015-04-13,7.1747
2682,2015-04-14,7.2233
2683,2015-04-15,7.3369
2684,2015-04-16,7.362
2685,2015-04-17,7.2633
2686,2015-04-18,6.8112
2687,2015-04-19,7.3185
2688,2015-04-20,7.6401
2689,2015-04-21,7.4055
2690,2015-04-22,7.5725
2691,2015-04-23,7.4855
2692,2015-04-24,7.333
2693,2015-04-25,7.2056
2694,2015-04-26,7.0909
2695,2015-04-27,7.3265
2696,2015-04-28,7.3556
2697,2015-04-29,7.4634
2698,2015-04-30,7.5673
2699,2015-05-01,7.7498
2700,2015-05-02,7.1444
2701,2015-05-03,6.8997
2702,2015-05-04,7.3311
2703,2015-05-05,7.2211
2704,2015-05-06,7.7376
2705,2015-05-07,7.3633
2706,2015-05-08,7.291
2707,2015-05-09,7.0388
2708,2015-05-10,6.9324
2709,2015-05-11,7.3059
2710,2015-05-12,7.6862
2711,2015-05-13,7.4793
2712,2015-05-14,7.2696
2713,2015-05-15,7.3092
2714,2015-05-16,6.7405
2715,2015-05-17,6.8057
2716,2015-05-18,7.1428
2717,2015-05-19,7.1869
2718,2015-05-20,7.1405
2719,2015-05-21,8.7616
2720,2015-05-22,8.2794
2721,2015-05-23,7.4372
2722,2015-05-24,7.1601
2723,2015-05-25,7.0414
2724,2015-05-26,7.1747
2725,2015-05-27,7.4128
2726,2015-05-28,7.2563
2727,2015-05-29,7.2848
2728,2015-05-30,6.7262
2729,2015-05-31,6.9324
2730,2015-06-01,7.0741
2731,2015-06-02,7.2027
2732,2015-06-03,7.1647
2733,2015-06-04,7.0673
2734,2015-06-05,6.9068
2735,2015-06-06,6.6771
2736,2015-06-07,6.5177
2737,2015-06-08,7.0432
2738,2015-06-09,7.0432
2739,2015-06-10,6.9177
2740,2015-06-11,7.0579
2741,2015-06-12,6.8554
2742,2015-06-13,6.6438
2743,2015-06-14,6.525
2744,2015-06-15,6.8906
2745,2015-06-16,6.9266
2746,2015-06-17,7.0049
2747,2015-06-18,6.8732
2748,2015-06-19,6.8906
2749,2015-06-20,6.4425
2750,2015-06-21,6.8352
2751,2015-06-22,7.2724
2752,2015-06-23,7.0775
2753,2015-06-24,7.3441
2754,2015-06-25,7.2917
2755,2015-06-26,7.2717
2756,2015-06-27,7.4547
2757,2015-06-28,6.6921
2758,2015-06-29,6.9632
2759,2015-06-30,7.0166
2760,2015-07-01,6.7912
2761,2015-07-02,6.82
2762,2015-07-03,6.6187
2763,2015-07-04,6.4739
2764,2015-07-05,6.4998
2765,2015-07-06,6.8596
2766,2015-07-07,6.8814
2767,2015-07-08,6.9976
2768,2015-07-09,7.1523
2769,2015-07-10,7.1967
2770,2015-07-11,6.7081
2771,2015-07-12,6.9829
2772,2015-07-13,7.1285
2773,2015-07-14,7.0892
2774,2015-07-15,7.1989
2775,2015-07-16,8.0907
2776,2015-07-17,7.3939
2777,2015-07-18,7.0501
2778,2015-07-19,7.1952
2779,2015-07-20,7.4413
2780,2015-07-21,7.4176
2781,2015-07-22,7.4742
2782,2015-07-23,7.3926
2783,2015-07-24,7.1854
2784,2015-07-25,6.8648
2785,2015-07-26,6.8341
2786,2015-07-27,7.2876
2787,2015-07-28,37.224
2788,2015-07-29,7.2442
2789,2015-07-30,7.3065
2790,2015-07-31,7.3172
2791,2015-08-01,6.9584
2792,2015-08-02,6.8255
2793,2015-08-03,7.1816
2794,2015-08-04,7.2766
2795,2015-08-05,7.271
2796,2015-08-06,7.8244
2797,2015-08-07,7.4194
2798,2015-08-08,7.0076
2799,2015-08-09,7.0733
2800,2015-08-10,7.2654
2801,2015-08-11,7.6024
2802,2015-08-12,7.5575
2803,2015-08-13,7.5822
2804,2015-08-14,7.2896
2805,2015-08-15,7.3304
2806,2015-08-16,7.2211
2807,2015-08-17,7.4313
2808,2015-08-18,7.7502
2809,2015-08-19,7.63
2810,2015-08-20,7.7306
2811,2015-08-21,7.824
2812,2015-08-22,7.2262
2813,2015-08-23,7.477
2814,2015-08-24,7.8633
2815,2015-08-25,7.9491
2816,2015-08-26,7.7698
2817,2015-08-27,7.5797
2818,2015-08-28,7.5491
2819,2015-08-29,7.2917
2820,2015-08-30,7.7899
2821,2015-08-31,7.6568
2822,2015-09-01,7.5348
2823,2015-09-02,7.6653
2824,2015-09-03,8.0665
2825,2015-09-04,8.1493
2826,2015-09-05,7.7253
2827,2015-09-06,7.7174
2828,2015-09-07,7.6779
2829,2015-09-08,7.8951
2830,2015-09-09,8.0799
2831,2015-09-10,8.1934
2832,2015-09-11,8.6651
2833,2015-09-12,7.8446
2834,2015-09-13,8.7791
2835,2015-09-14,9.0587
2836,2015-09-15,8.4218
2837,2015-09-16,8.0722
2838,2015-09-17,8.4047
2839,2015-09-18,9.7218
2840,2015-09-19,8.114
2841,2015-09-20,8.4308
2842,2015-09-21,8.5489
2843,2015-09-22,8.3229
2844,2015-09-23,8.0084
2845,2015-09-24,8.12
2846,2015-09-25,8.5826
2847,2015-09-26,7.6099
2848,2015-09-27,8.4121
2849,2015-09-28,9.541
2850,2015-09-29,8.5595
2851,2015-09-30,8.1444
2852,2015-10-01,7.9913
2853,2015-10-02,7.8853
2854,2015-10-03,7.4599
2855,2015-10-04,8.3752
2856,2015-10-05,8.7268
2857,2015-10-06,8.0753
2858,2015-10-07,7.8006
2859,2015-10-08,7.7498
2860,2015-10-09,7.9197
2861,2015-10-10,7.3563
2862,2015-10-11,8.173
2863,2015-10-12,8.217
2864,2015-10-13,8.261
2865,2015-10-14,7.8466
2866,2015-10-15,7.7402
2867,2015-10-16,7.8304
2868,2015-10-17,7.3614
2869,2015-10-18,8.2988
2870,2015-10-19,8.7418
2871,2015-10-20,8.3971
2872,2015-10-21,7.7782
2873,2015-10-22,7.9338
2874,2015-10-23,7.8602
2875,2015-10-24,7.9424
2876,2015-10-25,8.1981
2877,2015-10-26,8.429
2878,2015-10-27,8.0567
2879,2015-10-28,7.8112
2880,2015-10-29,7.7866
2881,2015-10-30,8.1086
2882,2015-10-31,7.6212
2883,2015-11-01,8.0929
2884,2015-11-02,9.3922
2885,2015-11-03,8.4532
2886,2015-11-04,8.0944
2887,2015-11-05,7.9913
2888,2015-11-06,8.3282
2889,2015-11-07,7.6411
2890,2015-11-08,8.4863
2891,2015-11-09,9.1636
2892,2015-11-10,8.1884
2893,2015-11-11,7.8264
2894,2015-11-12,7.9607
2895,2015-11-13,7.6723
2896,2015-11-14,7.1632
2897,2015-11-15,7.9021
2898,2015-11-16,9.6343
2899,2015-11-17,8.8482
2900,2015-11-18,8.3832
2901,2015-11-19,8.1645
2902,2015-11-20,8.0529
2903,2015-11-21,7.5611
2904,2015-11-22,8.2563
2905,2015-11-23,8.6728
2906,2015-11-24,8.3065
2907,2015-11-25,8.059
2908,2015-11-26,7.8725
2909,2015-11-27,8.1953
2910,2015-11-28,7.5914
2911,2015-11-29,8.0216
2912,2015-11-30,12.1497
2913,2015-12-01,11.523
2914,2015-12-02,8.7118
2915,2015-12-03,8.0561
2916,2015-12-04,8.0815
2917,2015-12-05,7.4588
2918,2015-12-06,8.014
2919,2015-12-07,8.4968
2920,2015-12-08,7.981
2921,2015-12-09,7.7778
2922,2015-12-10,8.2602
2923,2015-12-11,7.8663
2924,2015-12-12,7.3106
2925,2015-12-13,7.7182
2926,2015-12-14,8.3195
2927,2015-12-15,8.2367
2928,2015-12-16,7.8075
2929,2015-12-17,7.5919
2930,2015-12-18,7.5289
2931,2015-12-19,7.1717
2932,2015-12-20,7.8913
2933,2015-12-21,8.3601
2934,2015-12-22,8.1104
2935,2015-12-23,7.7753
2936,2015-12-24,7.3473
2937,2015-12-25,7.3018
2938,2015-12-26,7.1204
2939,2015-12-27,8.8788
2940,2015-12-28,9.2506
2941,2015-12-29,9.2479
2942,2015-12-30,8.3914
2943,2015-12-31,8.0047
2944,2016-01-01,7.5893
2945,2016-01-02,7.8252
2946,2016-01-03,8.2493
2947,2016-01-04,9.2951
2948,2016-01-05,8.5683
2949,2016-01-06,8.3526
2950,2016-01-07,8.2958
2951,2016-01-08,8.2903
2952,2016-01-09,7.7857
2953,2016-01-10,8.2817
2954,2016-01-11,8.4707
2955,2016-01-12,8.1351
2956,2016-01-13,8.0671
2957,2016-01-14,8.0236
2958,2016-01-15,8.0219
2959,2016-01-16,7.8172
2960,2016-01-17,9.2739
2961,2016-01-18,10.3338
2962,2016-01-19,9.1259
2963,2016-01-20,8.8914
